tourney_year_id,tourney_order,tourney_name,tourney_slug,tourney_url_suffix,first_tourney_date,first_tourney_date_year,first_tourney_date_month,first_tourney_date_day,last_tourney_date,last_tourney_date_year,last_tourney_date_month,last_tourney_date_day,tourney_fin_commit,tourney_year,tourney_round_name,round_order,match_order,winner_seed,winner_nationality,winner_name,winner_player_id,winner_slug,loser_seed,loser_nationality,loser_name,loser_player_id,loser_slug,match_score_tiebreaks,winner_sets_won,loser_sets_won,winner_games_won,loser_games_won,winner_tiebreaks_won,loser_tiebreaks_won,match_id,match_stats_url_suffix
1919-540,1,Wimbledon,wimbledon,/en/scores/archive/wimbledon/540/1919/results,1919.06.23,1919,06,23,1919.07.07,1919,07,07,0.0,1919,Finals,1,1,,AUS,Gerald Patterson,gerald-patterson,pj50,,AUS,Norman Brookes,norman-brookes,bq52,63 75 62 ,3,0,19,10,0,0,1919-540-pj50-bq52,
1919-540,1,Wimbledon,wimbledon,/en/scores/archive/wimbledon/540/1919/results,1919.06.23,1919,06,23,1919.07.07,1919,07,07,0.0,1919,Semi-Finals,2,1,,AUS,Gerald Patterson,gerald-patterson,pj50,,GBR,Algernon Kingscote,algernon-kingscote,kg77,62 61 63 ,3,0,18,6,0,0,1919-540-pj50-kg77,
1919-540,1,Wimbledon,wimbledon,/en/scores/archive/wimbledon/540/1919/results,1919.06.23,1919,06,23,1919.07.07,1919,07,07,0.0,1919,Quarter-Finals,3,1,,GBR,Algernon Kingscote,algernon-kingscote,kg77,,USA,Charles Garland,charles-garland,gh68,61 64 26 57 64 ,3,2,25,22,0,0,1919-540-kg77-gh68,
1919-540,1,Wimbledon,wimbledon,/en/scores/archive/wimbledon/540/1919/results,1919.06.23,1919,06,23,1919.07.07,1919,07,07,0.0,1919,Quarter-Finals,3,2,,AUS,Gerald Patterson,gerald-patterson,pj50,,GBR,Major Josiah George Ritchie,major-josiah-george-ritchie,rf58,61 75 16 63 ,3,1,20,15,0,0,1919-540-pj50-rf58,
1919-540,1,Wimbledon,wimbledon,/en/scores/archive/wimbledon/540/1919/results,1919.06.23,1919,06,23,1919.07.07,1919,07,07,0.0,1919,Round Robin,4,1,,USA,Charles Garland,charles-garland,gh68,,AUS,Ronald Thomas,ronald-thomas,td96,64 60 61 ,3,0,18,5,0,0,1919-540-gh68-td96,
1919-540,1,Wimbledon,wimbledon,/en/scores/archive/wimbledon/540/1919/results,1919.06.23,1919,06,23,1919.07.07,1919,07,07,0.0,1919,Round Robin,4,2,,GBR,Major Josiah George Ritchie,major-josiah-george-ritchie,rf58,,GBR,Charles Dixon,charles-dixon,de92,46 64 63 63 ,3,1,22,16,0,0,1919-540-rf58-de92,
1919-540,1,Wimbledon,wimbledon,/en/scores/archive/wimbledon/540/1919/results,1919.06.23,1919,06,23,1919.07.07,1919,07,07,0.0,1919,Round Robin,4,3,,GBR,Algernon Kingscote,algernon-kingscote,kg77,,AUS,Pat O'Hara-Wood,pat-o'hara-wood,o583,64 36 63 16 64 ,3,2,22,23,0,0,1919-540-kg77-o583,
1919-540,1,Wimbledon,wimbledon,/en/scores/archive/wimbledon/540/1919/results,1919.06.23,1919,06,23,1919.07.07,1919,07,07,0.0,1919,Round Robin,4,4,,AUS,Gerald Patterson,gerald-patterson,pj50,,FRA,Andre Gobert,andre-gobert,gh67,108 63 62 ,3,0,13,5,1,0,1919-540-pj50-gh67,
1919-540,1,Wimbledon,wimbledon,/en/scores/archive/wimbledon/540/1919/results,1919.06.23,1919,06,23,1919.07.07,1919,07,07,0.0,1919,Round Robin,4,5,,GBR,Charles Dixon,charles-dixon,de92,,USA,Dean Mathey,dean-mathey,mq86,64 75 57 63 ,3,1,24,19,0,0,1919-540-de92-mq86,
1919-540,1,Wimbledon,wimbledon,/en/scores/archive/wimbledon/540/1919/results,1919.06.23,1919,06,23,1919.07.07,1919,07,07,0.0,1919,Round Robin,4,6,,USA,Charles Garland,charles-garland,gh68,,,L. Graves,l.-graves,gh94,60 86 36 62 ,3,1,23,14,0,0,1919-540-gh68-gh94,
1919-540,1,Wimbledon,wimbledon,/en/scores/archive/wimbledon/540/1919/results,1919.06.23,1919,06,23,1919.07.07,1919,07,07,0.0,1919,Round Robin,4,7,,GBR,Major Josiah George Ritchie,major-josiah-george-ritchie,rf58,,GBR,Frank Jarvis,frank-jarvis,j654,61 64 46 62 ,3,1,22,13,0,0,1919-540-rf58-j654,
1919-540,1,Wimbledon,wimbledon,/en/scores/archive/wimbledon/540/1919/results,1919.06.23,1919,06,23,1919.07.07,1919,07,07,0.0,1919,Round Robin,4,8,,FRA,Andre Gobert,andre-gobert,gh67,,AUS,Rodney Heath,rodney-heath,he57,36 64 64 61 ,3,1,21,15,0,0,1919-540-gh67-he57,
1919-540,1,Wimbledon,wimbledon,/en/scores/archive/wimbledon/540/1919/results,1919.06.23,1919,06,23,1919.07.07,1919,07,07,0.0,1919,Round Robin,4,9,,GBR,Algernon Kingscote,algernon-kingscote,kg77,,FRA,Max Decugis,max-decugis,de91,62 46 46 86 86 ,3,2,30,26,0,0,1919-540-kg77-de91,
1919-540,1,Wimbledon,wimbledon,/en/scores/archive/wimbledon/540/1919/results,1919.06.23,1919,06,23,1919.07.07,1919,07,07,0.0,1919,Round Robin,4,10,,AUS,Pat O'Hara-Wood,pat-o'hara-wood,o583,,USA,Watson Washburn,watson-washburn,w835,1214 63 64 46 63 ,3,2,23,18,0,1,1919-540-o583-w835,
1919-540,1,Wimbledon,wimbledon,/en/scores/archive/wimbledon/540/1919/results,1919.06.23,1919,06,23,1919.07.07,1919,07,07,0.0,1919,Round Robin,4,11,,AUS,Gerald Patterson,gerald-patterson,pj50,,AUS,Stanley Doust,stanley-doust,df34,62 60 62 ,3,0,18,4,0,0,1919-540-pj50-df34,
1919-540,1,Wimbledon,wimbledon,/en/scores/archive/wimbledon/540/1919/results,1919.06.23,1919,06,23,1919.07.07,1919,07,07,0.0,1919,Round Robin,4,12,,AUS,Ronald Thomas,ronald-thomas,td96,,USA,Willis Davis,willis-davis,df14,26 75 75 62 ,3,1,22,18,0,0,1919-540-td96-df14,
1919-540,1,Wimbledon,wimbledon,/en/scores/archive/wimbledon/540/1919/results,1919.06.23,1919,06,23,1919.07.07,1919,07,07,0.0,1919,Round Robin,4,13,,USA,Willis Davis,willis-davis,df14,,GBR,George Stoddart,george-stoddart,sv18,62 64 62 ,3,0,18,8,0,0,1919-540-df14-sv18,
1919-540,1,Wimbledon,wimbledon,/en/scores/archive/wimbledon/540/1919/results,1919.06.23,1919,06,23,1919.07.07,1919,07,07,0.0,1919,Round Robin,4,14,,FRA,Max Decugis,max-decugis,de91,,GBR,C.S. Grace,c.s.-grace,gh77,60 61 63 ,3,0,18,4,0,0,1919-540-de91-gh77,
1919-540,1,Wimbledon,wimbledon,/en/scores/archive/wimbledon/540/1919/results,1919.06.23,1919,06,23,1919.07.07,1919,07,07,0.0,1919,Round Robin,4,15,,GBR,Charles Dixon,charles-dixon,de92,,,D. Beningfield,d.-beningfield,bq98,62 64 61 ,3,0,18,7,0,0,1919-540-de92-bq98,
1919-540,1,Wimbledon,wimbledon,/en/scores/archive/wimbledon/540/1919/results,1919.06.23,1919,06,23,1919.07.07,1919,07,07,0.0,1919,Round Robin,4,16,,AUS,Stanley Doust,stanley-doust,df34,,GBR,E.G. Bisseker,e.g.-bisseker,bq68,64 61 75 ,3,0,19,10,0,0,1919-540-df34-bq68,
1919-540,1,Wimbledon,wimbledon,/en/scores/archive/wimbledon/540/1919/results,1919.06.23,1919,06,23,1919.07.07,1919,07,07,0.0,1919,Round Robin,4,17,,USA,Charles Garland,charles-garland,gh68,,GBR,Royden Dash,royden-dash,de84,63 60 62 ,3,0,18,5,0,0,1919-540-gh68-de84,
1919-540,1,Wimbledon,wimbledon,/en/scores/archive/wimbledon/540/1919/results,1919.06.23,1919,06,23,1919.07.07,1919,07,07,0.0,1919,Round Robin,4,18,,GBR,Major Josiah George Ritchie,major-josiah-george-ritchie,rf58,,,J. Cannon,j.-cannon,ck83,62 61 64 ,3,0,18,7,0,0,1919-540-rf58-ck83,
1919-540,1,Wimbledon,wimbledon,/en/scores/archive/wimbledon/540/1919/results,1919.06.23,1919,06,23,1919.07.07,1919,07,07,0.0,1919,Round Robin,4,19,,FRA,Andre Gobert,andre-gobert,gh67,,GBR,F.W. Donisthorpe,f.w.-donisthorpe,df27,1012 62 60 62 ,4,0,19,4,1,0,1919-540-gh67-df27,
1919-540,1,Wimbledon,wimbledon,/en/scores/archive/wimbledon/540/1919/results,1919.06.23,1919,06,23,1919.07.07,1919,07,07,0.0,1919,Round Robin,4,20,,,L. Graves,l.-graves,gh94,,GBR,Walter Crawley,walter-crawley,ck40,60 86 86 ,3,0,22,12,0,0,1919-540-gh94-ck40,
1919-540,1,Wimbledon,wimbledon,/en/scores/archive/wimbledon/540/1919/results,1919.06.23,1919,06,23,1919.07.07,1919,07,07,0.0,1919,Round Robin,4,21,,AUS,Rodney Heath,rodney-heath,he57,,RSA,Brian Norton,brian-norton,n866,57 36 61 64 62 ,3,2,26,20,0,0,1919-540-he57-n866,
1919-540,1,Wimbledon,wimbledon,/en/scores/archive/wimbledon/540/1919/results,1919.06.23,1919,06,23,1919.07.07,1919,07,07,0.0,1919,Round Robin,4,22,,GBR,Frank Jarvis,frank-jarvis,j654,,,H. Sharpe,h.-sharpe,sv60,62 64 63 ,3,0,18,9,0,0,1919-540-j654-sv60,
1919-540,1,Wimbledon,wimbledon,/en/scores/archive/wimbledon/540/1919/results,1919.06.23,1919,06,23,1919.07.07,1919,07,07,0.0,1919,Round Robin,4,23,,GBR,Algernon Kingscote,algernon-kingscote,kg77,,,A. Hunter,a.-hunter,he86,61 62 62 ,3,0,18,5,0,0,1919-540-kg77-he86,
1919-540,1,Wimbledon,wimbledon,/en/scores/archive/wimbledon/540/1919/results,1919.06.23,1919,06,23,1919.07.07,1919,07,07,0.0,1919,Round Robin,4,24,,USA,Dean Mathey,dean-mathey,mq86,,,Stacey Brown,stacey-brown,bq99,63 75 60 ,3,0,19,8,0,0,1919-540-mq86-bq99,
1919-540,1,Wimbledon,wimbledon,/en/scores/archive/wimbledon/540/1919/results,1919.06.23,1919,06,23,1919.07.07,1919,07,07,0.0,1919,Round Robin,4,25,,AUS,Pat O'Hara-Wood,pat-o'hara-wood,o583,,RSA,George Dodd,george-dodd,df36,57 86 64 61 ,3,1,25,18,0,0,1919-540-o583-df36,
1919-540,1,Wimbledon,wimbledon,/en/scores/archive/wimbledon/540/1919/results,1919.06.23,1919,06,23,1919.07.07,1919,07,07,0.0,1919,Round Robin,4,26,,AUS,Gerald Patterson,gerald-patterson,pj50,,GBR,Theodore Mavrogordato,theodore-mavrogordato,ms70,60 63 75 ,3,0,19,8,0,0,1919-540-pj50-ms70,
1919-540,1,Wimbledon,wimbledon,/en/scores/archive/wimbledon/540/1919/results,1919.06.23,1919,06,23,1919.07.07,1919,07,07,0.0,1919,Round Robin,4,27,,AUS,Ronald Thomas,ronald-thomas,td96,,,Newton Thompson,newton-thompson,tf00,62 86 62 ,3,0,20,10,0,0,1919-540-td96-tf00,
1919-540,1,Wimbledon,wimbledon,/en/scores/archive/wimbledon/540/1919/results,1919.06.23,1919,06,23,1919.07.07,1919,07,07,0.0,1919,Round Robin,4,28,,USA,Watson Washburn,watson-washburn,w835,,GBR,Ernest Parton,ernest-parton,pj91,63 75 68 63 ,3,1,25,19,0,0,1919-540-w835-pj91,
1919-540,1,Wimbledon,wimbledon,/en/scores/archive/wimbledon/540/1919/results,1919.06.23,1919,06,23,1919.07.07,1919,07,07,0.0,1919,Round Robin,4,29,,,D. Beningfield,d.-beningfield,bq98,,,H. Thompson,h.-thompson,te96,75 61 63 ,3,0,19,9,0,0,1919-540-bq98-te96,
1919-540,1,Wimbledon,wimbledon,/en/scores/archive/wimbledon/540/1919/results,1919.06.23,1919,06,23,1919.07.07,1919,07,07,0.0,1919,Round Robin,4,30,,GBR,E.G. Bisseker,e.g.-bisseker,bq68,,GBR,A.W. Asthalter,a.w.-asthalter,ae90,97 64 64 ,3,0,21,15,0,0,1919-540-bq68-ae90,
1919-540,1,Wimbledon,wimbledon,/en/scores/archive/wimbledon/540/1919/results,1919.06.23,1919,06,23,1919.07.07,1919,07,07,0.0,1919,Round Robin,4,31,,,Stacey Brown,stacey-brown,bq99,,,S. O'Donnell,s.-o'donnell,o599,46 75 64 64 ,3,1,23,19,0,0,1919-540-bq99-o599,
1919-540,1,Wimbledon,wimbledon,/en/scores/archive/wimbledon/540/1919/results,1919.06.23,1919,06,23,1919.07.07,1919,07,07,0.0,1919,Round Robin,4,32,,,J. Cannon,j.-cannon,ck83,,AUS,B.E. Henty,b.e.-henty,he71,75 61 16 61 ,3,1,20,13,0,0,1919-540-ck83-he71,
1919-540,1,Wimbledon,wimbledon,/en/scores/archive/wimbledon/540/1919/results,1919.06.23,1919,06,23,1919.07.07,1919,07,07,0.0,1919,Round Robin,4,33,,GBR,Walter Crawley,walter-crawley,ck40,,,G. Cartwright,g.-cartwright,ck76,62 64 61 ,3,0,18,7,0,0,1919-540-ck40-ck76,
1919-540,1,Wimbledon,wimbledon,/en/scores/archive/wimbledon/540/1919/results,1919.06.23,1919,06,23,1919.07.07,1919,07,07,0.0,1919,Round Robin,4,34,,GBR,Royden Dash,royden-dash,de84,,,H. Martin,h.-martin,mt21,61 64 63 ,3,0,18,8,0,0,1919-540-de84-mt21,
1919-540,1,Wimbledon,wimbledon,/en/scores/archive/wimbledon/540/1919/results,1919.06.23,1919,06,23,1919.07.07,1919,07,07,0.0,1919,Round Robin,4,35,,USA,Willis Davis,willis-davis,df14,,,F. Teall,f.-teall,tf01,60 57 64 60 ,3,1,23,11,0,0,1919-540-df14-tf01,
1919-540,1,Wimbledon,wimbledon,/en/scores/archive/wimbledon/540/1919/results,1919.06.23,1919,06,23,1919.07.07,1919,07,07,0.0,1919,Round Robin,4,36,,FRA,Max Decugis,max-decugis,de91,,GBR,Leighton Crawford,leighton-crawford,ck10,62 46 57 108 61 ,3,2,22,16,1,0,1919-540-de91-ck10,
1919-540,1,Wimbledon,wimbledon,/en/scores/archive/wimbledon/540/1919/results,1919.06.23,1919,06,23,1919.07.07,1919,07,07,0.0,1919,Round Robin,4,37,,GBR,Charles Dixon,charles-dixon,de92,,GBR,N. Field,n.-field,fb07,61 62 62 ,3,0,18,5,0,0,1919-540-de92-fb07,
1919-540,1,Wimbledon,wimbledon,/en/scores/archive/wimbledon/540/1919/results,1919.06.23,1919,06,23,1919.07.07,1919,07,07,0.0,1919,Round Robin,4,38,,RSA,George Dodd,george-dodd,df36,,GBR,Scotter Owen,scotter-owen,o589,61 64 62 ,3,0,18,7,0,0,1919-540-df36-o589,
1919-540,1,Wimbledon,wimbledon,/en/scores/archive/wimbledon/540/1919/results,1919.06.23,1919,06,23,1919.07.07,1919,07,07,0.0,1919,Round Robin,4,39,,GBR,F.W. Donisthorpe,f.w.-donisthorpe,df27,,GBR,Mark Hick,mark-hick,he59,36 75 75 63 ,3,1,23,19,0,0,1919-540-df27-he59,
1919-540,1,Wimbledon,wimbledon,/en/scores/archive/wimbledon/540/1919/results,1919.06.23,1919,06,23,1919.07.07,1919,07,07,0.0,1919,Round Robin,4,40,,AUS,Stanley Doust,stanley-doust,df34,,GBR,Frank Riseley,frank-riseley,rf78,16 97 68 64 61 ,3,2,28,26,0,0,1919-540-df34-rf78,
1919-540,1,Wimbledon,wimbledon,/en/scores/archive/wimbledon/540/1919/results,1919.06.23,1919,06,23,1919.07.07,1919,07,07,0.0,1919,Round Robin,4,41,,USA,Charles Garland,charles-garland,gh68,,NZL,Frank Fisher,frank-fisher,fa94,(W/O),0,0,0,0,0,0,1919-540-gh68-fa94,
1919-540,1,Wimbledon,wimbledon,/en/scores/archive/wimbledon/540/1919/results,1919.06.23,1919,06,23,1919.07.07,1919,07,07,0.0,1919,Round Robin,4,42,,GBR,Major Josiah George Ritchie,major-josiah-george-ritchie,rf58,,GBR,Cecil Tindell-Green,cecil-tindell-green,te64,75 68 62 62 ,3,1,25,17,0,0,1919-540-rf58-te64,
1919-540,1,Wimbledon,wimbledon,/en/scores/archive/wimbledon/540/1919/results,1919.06.23,1919,06,23,1919.07.07,1919,07,07,0.0,1919,Round Robin,4,43,,FRA,Andre Gobert,andre-gobert,gh67,,,A. Lovibond,a.-lovibond,lg31,62 62 64 ,3,0,18,8,0,0,1919-540-gh67-lg31,
1919-540,1,Wimbledon,wimbledon,/en/scores/archive/wimbledon/540/1919/results,1919.06.23,1919,06,23,1919.07.07,1919,07,07,0.0,1919,Round Robin,4,44,,GBR,C.S. Grace,c.s.-grace,gh77,,,R. James,r.-james,j674,63 64 62 ,3,0,18,9,0,0,1919-540-gh77-j674,
1919-540,1,Wimbledon,wimbledon,/en/scores/archive/wimbledon/540/1919/results,1919.06.23,1919,06,23,1919.07.07,1919,07,07,0.0,1919,Round Robin,4,45,,,L. Graves,l.-graves,gh94,,,C. Smith-Bingham,c.-smith-bingham,sv62,64 64 60 ,3,0,18,8,0,0,1919-540-gh94-sv62,
1919-540,1,Wimbledon,wimbledon,/en/scores/archive/wimbledon/540/1919/results,1919.06.23,1919,06,23,1919.07.07,1919,07,07,0.0,1919,Round Robin,4,46,,AUS,Rodney Heath,rodney-heath,he57,,GBR,Max Woosnam,max-woosnam,w914,64 63 75 ,3,0,19,12,0,0,1919-540-he57-w914,
1919-540,1,Wimbledon,wimbledon,/en/scores/archive/wimbledon/540/1919/results,1919.06.23,1919,06,23,1919.07.07,1919,07,07,0.0,1919,Round Robin,4,47,,,A. Hunter,a.-hunter,he86,,GBR,V. Erskine Lindop,v.-erskine-lindop,lg15,62 62 64 ,3,0,18,8,0,0,1919-540-he86-lg15,
1919-540,1,Wimbledon,wimbledon,/en/scores/archive/wimbledon/540/1919/results,1919.06.23,1919,06,23,1919.07.07,1919,07,07,0.0,1919,Round Robin,4,48,,GBR,Frank Jarvis,frank-jarvis,j654,,GBR,G.T.C. Watt,g.t.c.-watt,w926,63 63 (RET),3,0,12,6,0,0,1919-540-j654-w926,
1919-540,1,Wimbledon,wimbledon,/en/scores/archive/wimbledon/540/1919/results,1919.06.23,1919,06,23,1919.07.07,1919,07,07,0.0,1919,Round Robin,4,49,,GBR,Algernon Kingscote,algernon-kingscote,kg77,,GBR,Oswald Noel Turnbull,oswald-noel-turnbull,te53,60 63 61 ,3,0,18,4,0,0,1919-540-kg77-te53,
1919-540,1,Wimbledon,wimbledon,/en/scores/archive/wimbledon/540/1919/results,1919.06.23,1919,06,23,1919.07.07,1919,07,07,0.0,1919,Round Robin,4,50,,USA,Dean Mathey,dean-mathey,mq86,,RSA,Louis Raymond,louis-raymond,rf36,36 62 64 61 ,3,1,21,13,0,0,1919-540-mq86-rf36,
1919-540,1,Wimbledon,wimbledon,/en/scores/archive/wimbledon/540/1919/results,1919.06.23,1919,06,23,1919.07.07,1919,07,07,0.0,1919,Round Robin,4,51,,GBR,Theodore Mavrogordato,theodore-mavrogordato,ms70,,GBR,Arthur Lowe,arthur-lowe,lg03,57 911 62 61 63 ,4,1,32,14,1,0,1919-540-ms70-lg03,
1919-540,1,Wimbledon,wimbledon,/en/scores/archive/wimbledon/540/1919/results,1919.06.23,1919,06,23,1919.07.07,1919,07,07,0.0,1919,Round Robin,4,52,,RSA,Brian Norton,brian-norton,n866,,,G. Birtles,g.-birtles,bq88,62 60 60 ,3,0,18,2,0,0,1919-540-n866-bq88,
1919-540,1,Wimbledon,wimbledon,/en/scores/archive/wimbledon/540/1919/results,1919.06.23,1919,06,23,1919.07.07,1919,07,07,0.0,1919,Round Robin,4,53,,AUS,Pat O'Hara-Wood,pat-o'hara-wood,o583,,GBR,R. Walker,r.-walker,w756,61 60 62 ,3,0,18,3,0,0,1919-540-o583-w756,
1919-540,1,Wimbledon,wimbledon,/en/scores/archive/wimbledon/540/1919/results,1919.06.23,1919,06,23,1919.07.07,1919,07,07,0.0,1919,Round Robin,4,54,,GBR,Ernest Parton,ernest-parton,pj91,,,A. Zorab,a.-zorab,z435,97 26 63 64 ,3,1,23,20,0,0,1919-540-pj91-z435,
1919-540,1,Wimbledon,wimbledon,/en/scores/archive/wimbledon/540/1919/results,1919.06.23,1919,06,23,1919.07.07,1919,07,07,0.0,1919,Round Robin,4,55,,AUS,Gerald Patterson,gerald-patterson,pj50,,GBR,Herbert Roper-Barrett,herbert-roper-barrett,rf72,75 62 75 ,3,0,20,12,0,0,1919-540-pj50-rf72,
1919-540,1,Wimbledon,wimbledon,/en/scores/archive/wimbledon/540/1919/results,1919.06.23,1919,06,23,1919.07.07,1919,07,07,0.0,1919,Round Robin,4,56,,,H. Sharpe,h.-sharpe,sv60,,,H. Addison,h.-addison,ae96,62 46 86 63 ,3,1,24,17,0,0,1919-540-sv60-ae96,
1919-540,1,Wimbledon,wimbledon,/en/scores/archive/wimbledon/540/1919/results,1919.06.23,1919,06,23,1919.07.07,1919,07,07,0.0,1919,Round Robin,4,57,,GBR,George Stoddart,george-stoddart,sv18,,,B. Stacy,b.-stacy,sv64,61 61 46 61 ,3,1,22,9,0,0,1919-540-sv18-sv64,
1919-540,1,Wimbledon,wimbledon,/en/scores/archive/wimbledon/540/1919/results,1919.06.23,1919,06,23,1919.07.07,1919,07,07,0.0,1919,Round Robin,4,58,,AUS,Ronald Thomas,ronald-thomas,td96,,,C. Griffin,c.-griffin,gh58,57 26 64 75 75 ,3,2,27,27,0,0,1919-540-td96-gh58,
1919-540,1,Wimbledon,wimbledon,/en/scores/archive/wimbledon/540/1919/results,1919.06.23,1919,06,23,1919.07.07,1919,07,07,0.0,1919,Round Robin,4,59,,,Newton Thompson,newton-thompson,tf00,,,E. Seale,e.-seale,sv63,62 61 75 ,3,0,19,8,0,0,1919-540-tf00-sv63,
1919-540,1,Wimbledon,wimbledon,/en/scores/archive/wimbledon/540/1919/results,1919.06.23,1919,06,23,1919.07.07,1919,07,07,0.0,1919,Round Robin,4,60,,USA,Watson Washburn,watson-washburn,w835,,RSA,Harold Aitken,harold-aitken,ae71,86 68 60 64 ,3,1,26,18,0,0,1919-540-w835-ae71,
1919-540,1,Wimbledon,wimbledon,/en/scores/archive/wimbledon/540/1919/results,1919.06.23,1919,06,23,1919.07.07,1919,07,07,0.0,1919,Round Robin,4,61,,,H. Addison,h.-addison,ae96,,GBR,Philip Glover,philip-glover,gh48,(W/O),0,0,0,0,0,0,1919-540-ae96-gh48,
1919-540,1,Wimbledon,wimbledon,/en/scores/archive/wimbledon/540/1919/results,1919.06.23,1919,06,23,1919.07.07,1919,07,07,0.0,1919,Round Robin,4,62,,RSA,Harold Aitken,harold-aitken,ae71,,,P. Tabbush,p.-tabbush,te98,62 63 61 ,3,0,18,6,0,0,1919-540-ae71-te98,
1919-540,1,Wimbledon,wimbledon,/en/scores/archive/wimbledon/540/1919/results,1919.06.23,1919,06,23,1919.07.07,1919,07,07,0.0,1919,Round Robin,4,63,,GBR,A.W. Asthalter,a.w.-asthalter,ae90,,GBR,A.W. Davson,a.w.-davson,df04,61 16 26 62 64 ,3,2,21,19,0,0,1919-540-ae90-df04,
1919-540,1,Wimbledon,wimbledon,/en/scores/archive/wimbledon/540/1919/results,1919.06.23,1919,06,23,1919.07.07,1919,07,07,0.0,1919,Round Robin,4,64,,,D. Beningfield,d.-beningfield,bq98,,GBR,W.P. Haviland,w.p.-haviland,he93,64 63 62 ,3,0,18,9,0,0,1919-540-bq98-he93,
1919-540,1,Wimbledon,wimbledon,/en/scores/archive/wimbledon/540/1919/results,1919.06.23,1919,06,23,1919.07.07,1919,07,07,0.0,1919,Round Robin,4,65,,,G. Birtles,g.-birtles,bq88,,,P. Byrne,p.-byrne,br00,62 61 62 ,3,0,18,5,0,0,1919-540-bq88-br00,
1919-540,1,Wimbledon,wimbledon,/en/scores/archive/wimbledon/540/1919/results,1919.06.23,1919,06,23,1919.07.07,1919,07,07,0.0,1919,Round Robin,4,66,,GBR,E.G. Bisseker,e.g.-bisseker,bq68,,,A. Erskine Lindop,a.-erskine-lindop,lg40,60 64 60 ,3,0,18,4,0,0,1919-540-bq68-lg40,
1919-540,1,Wimbledon,wimbledon,/en/scores/archive/wimbledon/540/1919/results,1919.06.23,1919,06,23,1919.07.07,1919,07,07,0.0,1919,Round Robin,4,67,,,Stacey Brown,stacey-brown,bq99,,,A. Wiswell,a.-wiswell,w935,75 63 46 62 ,3,1,23,16,0,0,1919-540-bq99-w935,
1919-540,1,Wimbledon,wimbledon,/en/scores/archive/wimbledon/540/1919/results,1919.06.23,1919,06,23,1919.07.07,1919,07,07,0.0,1919,Round Robin,4,68,,,J. Cannon,j.-cannon,ck83,,,Amphlette Davis,amphlette-davis,df40,75 64 63 ,3,0,19,12,0,0,1919-540-ck83-df40,
1919-540,1,Wimbledon,wimbledon,/en/scores/archive/wimbledon/540/1919/results,1919.06.23,1919,06,23,1919.07.07,1919,07,07,0.0,1919,Round Robin,4,69,,,G. Cartwright,g.-cartwright,ck76,,,G. Scheurleer,g.-scheurleer,sv52,(W/O),0,0,0,0,0,0,1919-540-ck76-sv52,
1919-540,1,Wimbledon,wimbledon,/en/scores/archive/wimbledon/540/1919/results,1919.06.23,1919,06,23,1919.07.07,1919,07,07,0.0,1919,Round Robin,4,70,,GBR,Leighton Crawford,leighton-crawford,ck10,,GBR,Morris Hall,morris-hall,he87,57 36 62 61 63 ,3,2,26,19,0,0,1919-540-ck10-he87,
1919-540,1,Wimbledon,wimbledon,/en/scores/archive/wimbledon/540/1919/results,1919.06.23,1919,06,23,1919.07.07,1919,07,07,0.0,1919,Round Robin,4,71,,GBR,Walter Crawley,walter-crawley,ck40,,GBR,Ambrose Dudley,ambrose-dudley,de87,61 61 63 ,3,0,18,5,0,0,1919-540-ck40-de87,
1919-540,1,Wimbledon,wimbledon,/en/scores/archive/wimbledon/540/1919/results,1919.06.23,1919,06,23,1919.07.07,1919,07,07,0.0,1919,Round Robin,4,72,,GBR,Royden Dash,royden-dash,de84,,,C. Tabbush,c.-tabbush,te99,62 61 60 ,3,0,18,3,0,0,1919-540-de84-te99,
1919-540,1,Wimbledon,wimbledon,/en/scores/archive/wimbledon/540/1919/results,1919.06.23,1919,06,23,1919.07.07,1919,07,07,0.0,1919,Round Robin,4,73,,USA,Willis Davis,willis-davis,df14,,GBR,Percival Davson,percival-davson,de93,62 57 26 62 62 ,3,2,25,19,0,0,1919-540-df14-de93,
1919-540,1,Wimbledon,wimbledon,/en/scores/archive/wimbledon/540/1919/results,1919.06.23,1919,06,23,1919.07.07,1919,07,07,0.0,1919,Round Robin,4,74,,FRA,Max Decugis,max-decugis,de91,,GBR,S.F. Thol,s.f.-thol,te87,64 60 64 ,3,0,18,8,0,0,1919-540-de91-te87,
1919-540,1,Wimbledon,wimbledon,/en/scores/archive/wimbledon/540/1919/results,1919.06.23,1919,06,23,1919.07.07,1919,07,07,0.0,1919,Round Robin,4,75,,GBR,Charles Dixon,charles-dixon,de92,,GBR,Alfred Ingram,alfred-ingram,i380,64 64 61 ,3,0,18,9,0,0,1919-540-de92-i380,
1919-540,1,Wimbledon,wimbledon,/en/scores/archive/wimbledon/540/1919/results,1919.06.23,1919,06,23,1919.07.07,1919,07,07,0.0,1919,Round Robin,4,76,,RSA,George Dodd,george-dodd,df36,,GBR,Richard Turnbull,richard-turnbull,te44,61 62 62 ,3,0,18,5,0,0,1919-540-df36-te44,
1919-540,1,Wimbledon,wimbledon,/en/scores/archive/wimbledon/540/1919/results,1919.06.23,1919,06,23,1919.07.07,1919,07,07,0.0,1919,Round Robin,4,77,,GBR,F.W. Donisthorpe,f.w.-donisthorpe,df27,,,G. Youll,g.-youll,y253,60 60 61 ,3,0,18,1,0,0,1919-540-df27-y253,
1919-540,1,Wimbledon,wimbledon,/en/scores/archive/wimbledon/540/1919/results,1919.06.23,1919,06,23,1919.07.07,1919,07,07,0.0,1919,Round Robin,4,78,,AUS,Stanley Doust,stanley-doust,df34,,,G. Chesterman,g.-chesterman,ck84,60 62 21 (RET),4,0,14,3,0,0,1919-540-df34-ck84,
1919-540,1,Wimbledon,wimbledon,/en/scores/archive/wimbledon/540/1919/results,1919.06.23,1919,06,23,1919.07.07,1919,07,07,0.0,1919,Round Robin,4,79,,GBR,N. Field,n.-field,fb07,,GBR,R.D. England,r.d.-england,e952,(W/O),0,0,0,0,0,0,1919-540-fb07-e952,
1919-540,1,Wimbledon,wimbledon,/en/scores/archive/wimbledon/540/1919/results,1919.06.23,1919,06,23,1919.07.07,1919,07,07,0.0,1919,Round Robin,4,80,,NZL,Frank Fisher,frank-fisher,fa94,,,E. Black,e.-black,bq89,62 62 64 ,3,0,18,8,0,0,1919-540-fa94-bq89,
1919-540,1,Wimbledon,wimbledon,/en/scores/archive/wimbledon/540/1919/results,1919.06.23,1919,06,23,1919.07.07,1919,07,07,0.0,1919,Round Robin,4,81,,USA,Charles Garland,charles-garland,gh68,,,E. Borrett,e.-borrett,br02,60 60 61 ,3,0,18,1,0,0,1919-540-gh68-br02,
1919-540,1,Wimbledon,wimbledon,/en/scores/archive/wimbledon/540/1919/results,1919.06.23,1919,06,23,1919.07.07,1919,07,07,0.0,1919,Round Robin,4,82,,GBR,Major Josiah George Ritchie,major-josiah-george-ritchie,rf58,,GBR,J. Robinson,j.-robinson,rf77,62 61 60 ,3,0,18,3,0,0,1919-540-rf58-rf77,
1919-540,1,Wimbledon,wimbledon,/en/scores/archive/wimbledon/540/1919/results,1919.06.23,1919,06,23,1919.07.07,1919,07,07,0.0,1919,Round Robin,4,83,,FRA,Andre Gobert,andre-gobert,gh67,,ROU,Nicolae Misu,nicolae-misu,mr31,61 64 64 ,3,0,18,9,0,0,1919-540-gh67-mr31,
1919-540,1,Wimbledon,wimbledon,/en/scores/archive/wimbledon/540/1919/results,1919.06.23,1919,06,23,1919.07.07,1919,07,07,0.0,1919,Round Robin,4,84,,GBR,C.S. Grace,c.s.-grace,gh77,,,Harold King,harold-king,kh00,61 60 63 ,3,0,18,4,0,0,1919-540-gh77-kh00,
1919-540,1,Wimbledon,wimbledon,/en/scores/archive/wimbledon/540/1919/results,1919.06.23,1919,06,23,1919.07.07,1919,07,07,0.0,1919,Round Robin,4,85,,,L. Graves,l.-graves,gh94,,GBR,Neville Willford,neville-willford,w903,64 63 63 ,3,0,18,10,0,0,1919-540-gh94-w903,
1919-540,1,Wimbledon,wimbledon,/en/scores/archive/wimbledon/540/1919/results,1919.06.23,1919,06,23,1919.07.07,1919,07,07,0.0,1919,Round Robin,4,86,,,C. Griffin,c.-griffin,gh58,,GBR,J.B. Ward,j.b.-ward,w928,62 62 60 ,3,0,18,4,0,0,1919-540-gh58-w928,
1919-540,1,Wimbledon,wimbledon,/en/scores/archive/wimbledon/540/1919/results,1919.06.23,1919,06,23,1919.07.07,1919,07,07,0.0,1919,Round Robin,4,87,,AUS,Rodney Heath,rodney-heath,he57,,GBR,Stanley Franklin,stanley-franklin,fb13,(W/O),0,0,0,0,0,0,1919-540-he57-fb13,
1919-540,1,Wimbledon,wimbledon,/en/scores/archive/wimbledon/540/1919/results,1919.06.23,1919,06,23,1919.07.07,1919,07,07,0.0,1919,Round Robin,4,88,,AUS,B.E. Henty,b.e.-henty,he71,,GBR,L.F. Davin,l.f.-davin,de95,(W/O),0,0,0,0,0,0,1919-540-he71-de95,
1919-540,1,Wimbledon,wimbledon,/en/scores/archive/wimbledon/540/1919/results,1919.06.23,1919,06,23,1919.07.07,1919,07,07,0.0,1919,Round Robin,4,89,,GBR,Mark Hick,mark-hick,he59,,GBR,C.L. Philcox,c.l.-philcox,pj46,810 86 63 62 ,4,0,28,12,1,0,1919-540-he59-pj46,
1919-540,1,Wimbledon,wimbledon,/en/scores/archive/wimbledon/540/1919/results,1919.06.23,1919,06,23,1919.07.07,1919,07,07,0.0,1919,Round Robin,4,90,,,A. Hunter,a.-hunter,he86,,GBR,B. Wood-Hill,b.-wood-hill,w931,63 63 62 ,3,0,18,8,0,0,1919-540-he86-w931,
1919-540,1,Wimbledon,wimbledon,/en/scores/archive/wimbledon/540/1919/results,1919.06.23,1919,06,23,1919.07.07,1919,07,07,0.0,1919,Round Robin,4,91,,,R. James,r.-james,j674,,,C. McConchie,c.-mcconchie,mt18,75 60 61 ,3,0,19,6,0,0,1919-540-j674-mt18,
1919-540,1,Wimbledon,wimbledon,/en/scores/archive/wimbledon/540/1919/results,1919.06.23,1919,06,23,1919.07.07,1919,07,07,0.0,1919,Round Robin,4,92,,GBR,Frank Jarvis,frank-jarvis,j654,,GBR,Arthur Gore,arthur-gore,gh85,26 46 75 64 62 ,3,2,25,23,0,0,1919-540-j654-gh85,
1919-540,1,Wimbledon,wimbledon,/en/scores/archive/wimbledon/540/1919/results,1919.06.23,1919,06,23,1919.07.07,1919,07,07,0.0,1919,Round Robin,4,93,,GBR,Algernon Kingscote,algernon-kingscote,kg77,,FRA,William Laurentz,william-laurentz,lg32,75 63 61 ,3,0,19,9,0,0,1919-540-kg77-lg32,
1919-540,1,Wimbledon,wimbledon,/en/scores/archive/wimbledon/540/1919/results,1919.06.23,1919,06,23,1919.07.07,1919,07,07,0.0,1919,Round Robin,4,94,,GBR,V. Erskine Lindop,v.-erskine-lindop,lg15,,GBR,Henry Mayes,henry-mayes,ms69,(W/O),0,0,0,0,0,0,1919-540-lg15-ms69,
1919-540,1,Wimbledon,wimbledon,/en/scores/archive/wimbledon/540/1919/results,1919.06.23,1919,06,23,1919.07.07,1919,07,07,0.0,1919,Round Robin,4,95,,,A. Lovibond,a.-lovibond,lg31,,GBR,J.M. Flavelle,j.m.-flavelle,fb17,61 22 (RET),2,1,8,3,0,0,1919-540-lg31-fb17,
1919-540,1,Wimbledon,wimbledon,/en/scores/archive/wimbledon/540/1919/results,1919.06.23,1919,06,23,1919.07.07,1919,07,07,0.0,1919,Round Robin,4,96,,GBR,Arthur Lowe,arthur-lowe,lg03,,GBR,H.R. Fussell,h.r.-fussell,fb05,(W/O),0,0,0,0,0,0,1919-540-lg03-fb05,
1919-540,1,Wimbledon,wimbledon,/en/scores/archive/wimbledon/540/1919/results,1919.06.23,1919,06,23,1919.07.07,1919,07,07,0.0,1919,Round Robin,4,97,,,H. Martin,h.-martin,mt21,,,V. Crawshaw,v.-crawshaw,ck85,64 62 36 61 ,3,1,21,13,0,0,1919-540-mt21-ck85,
1919-540,1,Wimbledon,wimbledon,/en/scores/archive/wimbledon/540/1919/results,1919.06.23,1919,06,23,1919.07.07,1919,07,07,0.0,1919,Round Robin,4,98,,USA,Dean Mathey,dean-mathey,mq86,,GBR,J.C.F. Simpson,j.c.f.-simpson,sv28,63 60 60 ,3,0,18,3,0,0,1919-540-mq86-sv28,
1919-540,1,Wimbledon,wimbledon,/en/scores/archive/wimbledon/540/1919/results,1919.06.23,1919,06,23,1919.07.07,1919,07,07,0.0,1919,Round Robin,4,99,,GBR,Theodore Mavrogordato,theodore-mavrogordato,ms70,,,F. Laxon,f.-laxon,lg39,61 62 61 ,3,0,18,4,0,0,1919-540-ms70-lg39,
1919-540,1,Wimbledon,wimbledon,/en/scores/archive/wimbledon/540/1919/results,1919.06.23,1919,06,23,1919.07.07,1919,07,07,0.0,1919,Round Robin,4,100,,RSA,Brian Norton,brian-norton,n866,,GBR,Leonard Lyle,leonard-lyle,lg17,61 62 61 ,3,0,18,4,0,0,1919-540-n866-lg17,
1919-540,1,Wimbledon,wimbledon,/en/scores/archive/wimbledon/540/1919/results,1919.06.23,1919,06,23,1919.07.07,1919,07,07,0.0,1919,Round Robin,4,101,,,S. O'Donnell,s.-o'donnell,o599,,USA,George Wrenn,george-wrenn,w936,(W/O),0,0,0,0,0,0,1919-540-o599-w936,
1919-540,1,Wimbledon,wimbledon,/en/scores/archive/wimbledon/540/1919/results,1919.06.23,1919,06,23,1919.07.07,1919,07,07,0.0,1919,Round Robin,4,102,,AUS,Pat O'Hara-Wood,pat-o'hara-wood,o583,,GBR,George Alan Thomas,george-alan-thomas,te68,61 68 64 57 63 ,3,2,29,23,0,0,1919-540-o583-te68,
1919-540,1,Wimbledon,wimbledon,/en/scores/archive/wimbledon/540/1919/results,1919.06.23,1919,06,23,1919.07.07,1919,07,07,0.0,1919,Round Robin,4,103,,GBR,Scotter Owen,scotter-owen,o589,,GBR,R.H. Hotham,r.h.-hotham,he70,68 06 62 75 62 ,3,2,25,23,0,0,1919-540-o589-he70,
1919-540,1,Wimbledon,wimbledon,/en/scores/archive/wimbledon/540/1919/results,1919.06.23,1919,06,23,1919.07.07,1919,07,07,0.0,1919,Round Robin,4,104,,GBR,Ernest Parton,ernest-parton,pj91,,,M.T. McAvity,m.t.-mcavity,mt19,63 64 64 ,3,0,18,11,0,0,1919-540-pj91-mt19,
1919-540,1,Wimbledon,wimbledon,/en/scores/archive/wimbledon/540/1919/results,1919.06.23,1919,06,23,1919.07.07,1919,07,07,0.0,1919,Round Robin,4,105,,AUS,Gerald Patterson,gerald-patterson,pj50,,,H. Gilbert,h.-gilbert,gh90,60 64 60 ,3,0,18,4,0,0,1919-540-pj50-gh90,
1919-540,1,Wimbledon,wimbledon,/en/scores/archive/wimbledon/540/1919/results,1919.06.23,1919,06,23,1919.07.07,1919,07,07,0.0,1919,Round Robin,4,106,,RSA,Louis Raymond,louis-raymond,rf36,,GBR,Glen Walker,glen-walker,w934,60 61 61 ,3,0,18,2,0,0,1919-540-rf36-w934,
1919-540,1,Wimbledon,wimbledon,/en/scores/archive/wimbledon/540/1919/results,1919.06.23,1919,06,23,1919.07.07,1919,07,07,0.0,1919,Round Robin,4,107,,GBR,Frank Riseley,frank-riseley,rf78,,GBR,Clinton Mcllquham,clinton-mcllquham,ms76,61 63 62 ,3,0,18,6,0,0,1919-540-rf78-ms76,
1919-540,1,Wimbledon,wimbledon,/en/scores/archive/wimbledon/540/1919/results,1919.06.23,1919,06,23,1919.07.07,1919,07,07,0.0,1919,Round Robin,4,108,,GBR,Herbert Roper-Barrett,herbert-roper-barrett,rf72,,,L. Nypels,l.-nypels,n872,63 64 63 ,3,0,18,10,0,0,1919-540-rf72-n872,
1919-540,1,Wimbledon,wimbledon,/en/scores/archive/wimbledon/540/1919/results,1919.06.23,1919,06,23,1919.07.07,1919,07,07,0.0,1919,Round Robin,4,109,,,E. Seale,e.-seale,sv63,,,E. de Serieri,e.-de-serieri,df41,60 86 64 ,3,0,20,10,0,0,1919-540-sv63-df41,
1919-540,1,Wimbledon,wimbledon,/en/scores/archive/wimbledon/540/1919/results,1919.06.23,1919,06,23,1919.07.07,1919,07,07,0.0,1919,Round Robin,4,110,,,H. Sharpe,h.-sharpe,sv60,,,F. Thomasson,f.-thomasson,te97,63 62 108 ,3,0,13,5,1,0,1919-540-sv60-te97,
1919-540,1,Wimbledon,wimbledon,/en/scores/archive/wimbledon/540/1919/results,1919.06.23,1919,06,23,1919.07.07,1919,07,07,0.0,1919,Round Robin,4,111,,,C. Smith-Bingham,c.-smith-bingham,sv62,,GBR,Bill Swinden,bill-swinden,sv30,46 62 64 36 64 ,3,2,25,22,0,0,1919-540-sv62-sv30,
1919-540,1,Wimbledon,wimbledon,/en/scores/archive/wimbledon/540/1919/results,1919.06.23,1919,06,23,1919.07.07,1919,07,07,0.0,1919,Round Robin,4,112,,,B. Stacy,b.-stacy,sv64,,,W. Bersey,w.-bersey,br03,(W/O),0,0,0,0,0,0,1919-540-sv64-br03,
1919-540,1,Wimbledon,wimbledon,/en/scores/archive/wimbledon/540/1919/results,1919.06.23,1919,06,23,1919.07.07,1919,07,07,0.0,1919,Round Robin,4,113,,GBR,George Stoddart,george-stoddart,sv18,,,E.V. Williams,e.v.-williams,w938,119 63 62 ,2,1,13,6,0,0,1919-540-sv18-w938,
1919-540,1,Wimbledon,wimbledon,/en/scores/archive/wimbledon/540/1919/results,1919.06.23,1919,06,23,1919.07.07,1919,07,07,0.0,1919,Round Robin,4,114,,,F. Teall,f.-teall,tf01,,,J. Harris,j.-harris,he94,61 64 60 ,3,0,18,5,0,0,1919-540-tf01-he94,
1919-540,1,Wimbledon,wimbledon,/en/scores/archive/wimbledon/540/1919/results,1919.06.23,1919,06,23,1919.07.07,1919,07,07,0.0,1919,Round Robin,4,115,,AUS,Ronald Thomas,ronald-thomas,td96,,GBR,John Masterman,john-masterman,ms48,64 26 63 68 97 ,3,2,29,28,0,0,1919-540-td96-ms48,
1919-540,1,Wimbledon,wimbledon,/en/scores/archive/wimbledon/540/1919/results,1919.06.23,1919,06,23,1919.07.07,1919,07,07,0.0,1919,Round Robin,4,116,,,H. Thompson,h.-thompson,te96,,GBR,Neville Deed,neville-deed,de86,64 26 64 57 75 ,3,2,26,26,0,0,1919-540-te96-de86,
1919-540,1,Wimbledon,wimbledon,/en/scores/archive/wimbledon/540/1919/results,1919.06.23,1919,06,23,1919.07.07,1919,07,07,0.0,1919,Round Robin,4,117,,,Newton Thompson,newton-thompson,tf00,,,L. Edwards,l.-edwards,e963,60 62 62 ,3,0,18,4,0,0,1919-540-tf00-e963,
1919-540,1,Wimbledon,wimbledon,/en/scores/archive/wimbledon/540/1919/results,1919.06.23,1919,06,23,1919.07.07,1919,07,07,0.0,1919,Round Robin,4,118,,GBR,Cecil Tindell-Green,cecil-tindell-green,te64,,,A. West,a.-west,w937,86 86 75 ,3,0,23,17,0,0,1919-540-te64-w937,
1919-540,1,Wimbledon,wimbledon,/en/scores/archive/wimbledon/540/1919/results,1919.06.23,1919,06,23,1919.07.07,1919,07,07,0.0,1919,Round Robin,4,119,,GBR,Oswald Noel Turnbull,oswald-noel-turnbull,te53,,,H. Silver,h.-silver,sv61,61 61 61 ,3,0,18,3,0,0,1919-540-te53-sv61,
1919-540,1,Wimbledon,wimbledon,/en/scores/archive/wimbledon/540/1919/results,1919.06.23,1919,06,23,1919.07.07,1919,07,07,0.0,1919,Round Robin,4,120,,GBR,R. Walker,r.-walker,w756,,,H. Breck,h.-breck,br01,(W/O),0,0,0,0,0,0,1919-540-w756-br01,
1919-540,1,Wimbledon,wimbledon,/en/scores/archive/wimbledon/540/1919/results,1919.06.23,1919,06,23,1919.07.07,1919,07,07,0.0,1919,Round Robin,4,121,,USA,Watson Washburn,watson-washburn,w835,,,D. Mellet,d.-mellet,mt20,61 63 36 61 ,3,1,21,11,0,0,1919-540-w835-mt20,
1919-540,1,Wimbledon,wimbledon,/en/scores/archive/wimbledon/540/1919/results,1919.06.23,1919,06,23,1919.07.07,1919,07,07,0.0,1919,Round Robin,4,122,,GBR,G.T.C. Watt,g.t.c.-watt,w926,,,I. Evans,i.-evans,e962,63 61 62 ,3,0,18,6,0,0,1919-540-w926-e962,
1919-540,1,Wimbledon,wimbledon,/en/scores/archive/wimbledon/540/1919/results,1919.06.23,1919,06,23,1919.07.07,1919,07,07,0.0,1919,Round Robin,4,123,,GBR,Max Woosnam,max-woosnam,w914,,,W. Youll,w.-youll,y256,62 86 62 ,3,0,20,10,0,0,1919-540-w914-y256,
1919-540,1,Wimbledon,wimbledon,/en/scores/archive/wimbledon/540/1919/results,1919.06.23,1919,06,23,1919.07.07,1919,07,07,0.0,1919,Round Robin,4,124,,,A. Zorab,a.-zorab,z435,,,M. White,m.-white,w929,64 62 64 ,3,0,18,10,0,0,1919-540-z435-w929,
1919-560,2,US Championships,us-championships,/en/scores/archive/us-championships/560/1919/results,1919.08.26,1919,08,26,1919.09.04,1919,09,04,0.0,1919,Finals,1,1,,USA,Bill Johnston,bill-johnston,j665,,USA,Bill Tilden,bill-tilden,te54,64 64 63 ,3,0,18,11,0,0,1919-560-j665-te54,
1919-560,2,US Championships,us-championships,/en/scores/archive/us-championships/560/1919/results,1919.08.26,1919,08,26,1919.09.04,1919,09,04,0.0,1919,Semi-Finals,2,1,,USA,Bill Johnston,bill-johnston,j665,,USA,Wallace Johnson,wallace-johnson,j664,26 61 63 63 ,3,1,20,13,0,0,1919-560-j665-j664,
1919-560,2,US Championships,us-championships,/en/scores/archive/us-championships/560/1919/results,1919.08.26,1919,08,26,1919.09.04,1919,09,04,0.0,1919,Semi-Finals,2,2,,USA,Bill Tilden,bill-tilden,te54,,USA,Richard Norris Williams,richard-norris-williams,w830,61 75 63 ,3,0,19,9,0,0,1919-560-te54-w830,
1919-560,2,US Championships,us-championships,/en/scores/archive/us-championships/560/1919/results,1919.08.26,1919,08,26,1919.09.04,1919,09,04,0.0,1919,Quarter-Finals,3,1,,USA,Wallace Johnson,wallace-johnson,j664,,,W. Hall,w.-hall,hf06,64 60 62 ,3,0,18,6,0,0,1919-560-j664-hf06,
1919-560,2,US Championships,us-championships,/en/scores/archive/us-championships/560/1919/results,1919.08.26,1919,08,26,1919.09.04,1919,09,04,0.0,1919,Quarter-Finals,3,2,,USA,Bill Johnston,bill-johnston,j665,,USA,Lindley Murray,lindley-murray,mt28,57 61 62 64 ,3,1,23,14,0,0,1919-560-j665-mt28,
1919-560,2,US Championships,us-championships,/en/scores/archive/us-championships/560/1919/results,1919.08.26,1919,08,26,1919.09.04,1919,09,04,0.0,1919,Quarter-Finals,3,3,,USA,Bill Tilden,bill-tilden,te54,,AUS,Norman Brookes,norman-brookes,bq52,16 64 75 63 ,3,1,20,18,0,0,1919-560-te54-bq52,
1919-560,2,US Championships,us-championships,/en/scores/archive/us-championships/560/1919/results,1919.08.26,1919,08,26,1919.09.04,1919,09,04,0.0,1919,Quarter-Finals,3,4,,USA,Richard Norris Williams,richard-norris-williams,w830,,USA,Maurice McLoughlin,maurice-mcloughlin,mt38,60 63 62 ,3,0,18,5,0,0,1919-560-w830-mt38,
1919-560,2,US Championships,us-championships,/en/scores/archive/us-championships/560/1919/results,1919.08.26,1919,08,26,1919.09.04,1919,09,04,0.0,1919,Round of 16,4,1,,AUS,Norman Brookes,norman-brookes,bq52,,USA,Charles Garland,charles-garland,gh68,16 26 61 62 75 ,3,2,22,20,0,0,1919-560-bq52-gh68,
1919-560,2,US Championships,us-championships,/en/scores/archive/us-championships/560/1919/results,1919.08.26,1919,08,26,1919.09.04,1919,09,04,0.0,1919,Round of 16,4,2,,,W. Hall,w.-hall,hf06,,,T. Pell,t.-pell,pj83,61 97 06 63 ,3,1,21,17,0,0,1919-560-hf06-pj83,
1919-560,2,US Championships,us-championships,/en/scores/archive/us-championships/560/1919/results,1919.08.26,1919,08,26,1919.09.04,1919,09,04,0.0,1919,Round of 16,4,3,,USA,Wallace Johnson,wallace-johnson,j664,,USA,Nathaniel Niles,nathaniel-niles,n865,46 64 62 61 ,3,1,22,13,0,0,1919-560-j664-n865,
1919-560,2,US Championships,us-championships,/en/scores/archive/us-championships/560/1919/results,1919.08.26,1919,08,26,1919.09.04,1919,09,04,0.0,1919,Round of 16,4,4,,USA,Bill Johnston,bill-johnston,j665,,AUS,Gerald Patterson,gerald-patterson,pj50,62 36 64 75 ,3,1,22,17,0,0,1919-560-j665-pj50,
1919-560,2,US Championships,us-championships,/en/scores/archive/us-championships/560/1919/results,1919.08.26,1919,08,26,1919.09.04,1919,09,04,0.0,1919,Round of 16,4,5,,USA,Maurice McLoughlin,maurice-mcloughlin,mt38,,USA,Percy Kynaston,percy-kynaston,kg61,62 62 86 ,3,0,20,10,0,0,1919-560-mt38-kg61,
1919-560,2,US Championships,us-championships,/en/scores/archive/us-championships/560/1919/results,1919.08.26,1919,08,26,1919.09.04,1919,09,04,0.0,1919,Round of 16,4,6,,USA,Lindley Murray,lindley-murray,mt28,,,C. Doyle,c.-doyle,df52,62 62 63 ,3,0,18,7,0,0,1919-560-mt28-df52,
1919-560,2,US Championships,us-championships,/en/scores/archive/us-championships/560/1919/results,1919.08.26,1919,08,26,1919.09.04,1919,09,04,0.0,1919,Round of 16,4,7,,USA,Bill Tilden,bill-tilden,te54,,JPN,Ichiya Kumagai,ichiya-kumagai,kh04,64 61 16 46 62 ,3,2,23,19,0,0,1919-560-te54-kh04,
1919-560,2,US Championships,us-championships,/en/scores/archive/us-championships/560/1919/results,1919.08.26,1919,08,26,1919.09.04,1919,09,04,0.0,1919,Round of 16,4,8,,USA,Richard Norris Williams,richard-norris-williams,w830,,AUS,Ronald Thomas,ronald-thomas,td96,46 64 60 75 ,3,1,23,15,0,0,1919-560-w830-td96,
1919-560,2,US Championships,us-championships,/en/scores/archive/us-championships/560/1919/results,1919.08.26,1919,08,26,1919.09.04,1919,09,04,0.0,1919,Round of 32,5,1,,AUS,Norman Brookes,norman-brookes,bq52,,,W. Benedict,w.-benedict,br27,60 62 61 ,3,0,18,3,0,0,1919-560-bq52-br27,
1919-560,2,US Championships,us-championships,/en/scores/archive/us-championships/560/1919/results,1919.08.26,1919,08,26,1919.09.04,1919,09,04,0.0,1919,Round of 32,5,2,,,C. Doyle,c.-doyle,df52,,,Frank Anderson,frank-anderson,ae88,86 60 62 ,3,0,20,8,0,0,1919-560-df52-ae88,
1919-560,2,US Championships,us-championships,/en/scores/archive/us-championships/560/1919/results,1919.08.26,1919,08,26,1919.09.04,1919,09,04,0.0,1919,Round of 32,5,3,,USA,Charles Garland,charles-garland,gh68,,,A. Hammett,a.-hammett,hf00,61 64 62 ,3,0,18,7,0,0,1919-560-gh68-hf00,
1919-560,2,US Championships,us-championships,/en/scores/archive/us-championships/560/1919/results,1919.08.26,1919,08,26,1919.09.04,1919,09,04,0.0,1919,Round of 32,5,4,,,W. Hall,w.-hall,hf06,,,H. Kelleher,h.-kelleher,kg89,61 86 62 ,3,0,20,9,0,0,1919-560-hf06-kg89,
1919-560,2,US Championships,us-championships,/en/scores/archive/us-championships/560/1919/results,1919.08.26,1919,08,26,1919.09.04,1919,09,04,0.0,1919,Round of 32,5,5,,USA,Wallace Johnson,wallace-johnson,j664,,,H.B. Taylor,h.b.-taylor,tf12,61 61 62 ,3,0,18,4,0,0,1919-560-j664-tf12,
1919-560,2,US Championships,us-championships,/en/scores/archive/us-championships/560/1919/results,1919.08.26,1919,08,26,1919.09.04,1919,09,04,0.0,1919,Round of 32,5,6,,USA,Bill Johnston,bill-johnston,j665,,NZL,Harry Parker,harry-parker,pj82,61 64 64 ,3,0,18,9,0,0,1919-560-j665-pj82,
1919-560,2,US Championships,us-championships,/en/scores/archive/us-championships/560/1919/results,1919.08.26,1919,08,26,1919.09.04,1919,09,04,0.0,1919,Round of 32,5,7,,JPN,Ichiya Kumagai,ichiya-kumagai,kh04,,USA,Robert LeRoy,robert-leroy,lg28,63 64 75 ,3,0,19,12,0,0,1919-560-kh04-lg28,
1919-560,2,US Championships,us-championships,/en/scores/archive/us-championships/560/1919/results,1919.08.26,1919,08,26,1919.09.04,1919,09,04,0.0,1919,Round of 32,5,8,,USA,Percy Kynaston,percy-kynaston,kg61,,,C. Chambers,c.-chambers,cl00,61 63 36 62 ,3,1,21,12,0,0,1919-560-kg61-cl00,
1919-560,2,US Championships,us-championships,/en/scores/archive/us-championships/560/1919/results,1919.08.26,1919,08,26,1919.09.04,1919,09,04,0.0,1919,Round of 32,5,9,,USA,Maurice McLoughlin,maurice-mcloughlin,mt38,,,L. Beekman,l.-beekman,bq76,63 86 63 ,3,0,20,12,0,0,1919-560-mt38-bq76,
1919-560,2,US Championships,us-championships,/en/scores/archive/us-championships/560/1919/results,1919.08.26,1919,08,26,1919.09.04,1919,09,04,0.0,1919,Round of 32,5,10,,USA,Lindley Murray,lindley-murray,mt28,,USA,Lucien Williams,lucien-williams,w906,62 62 62 ,3,0,18,6,0,0,1919-560-mt28-w906,
1919-560,2,US Championships,us-championships,/en/scores/archive/us-championships/560/1919/results,1919.08.26,1919,08,26,1919.09.04,1919,09,04,0.0,1919,Round of 32,5,11,,USA,Nathaniel Niles,nathaniel-niles,n865,,,J. Adoue,j.-adoue,ae97,60 86 60 ,3,0,20,6,0,0,1919-560-n865-ae97,
1919-560,2,US Championships,us-championships,/en/scores/archive/us-championships/560/1919/results,1919.08.26,1919,08,26,1919.09.04,1919,09,04,0.0,1919,Round of 32,5,12,,AUS,Gerald Patterson,gerald-patterson,pj50,,USA,Watson Washburn,watson-washburn,w835,75 16 61 36 61 ,3,2,23,19,0,0,1919-560-pj50-w835,
1919-560,2,US Championships,us-championships,/en/scores/archive/us-championships/560/1919/results,1919.08.26,1919,08,26,1919.09.04,1919,09,04,0.0,1919,Round of 32,5,13,,,T. Pell,t.-pell,pj83,,,R. Van Vliet,r.-van-vliet,v981,61 64 62 ,3,0,18,7,0,0,1919-560-pj83-v981,
1919-560,2,US Championships,us-championships,/en/scores/archive/us-championships/560/1919/results,1919.08.26,1919,08,26,1919.09.04,1919,09,04,0.0,1919,Round of 32,5,14,,AUS,Ronald Thomas,ronald-thomas,td96,,,H. Bassford,h.-bassford,bq77,75 62 62 ,3,0,19,9,0,0,1919-560-td96-bq77,
1919-560,2,US Championships,us-championships,/en/scores/archive/us-championships/560/1919/results,1919.08.26,1919,08,26,1919.09.04,1919,09,04,0.0,1919,Round of 32,5,15,,USA,Bill Tilden,bill-tilden,te54,,,Craig Biddle,craig-biddle,bq54,63 46 63 60 ,3,1,22,12,0,0,1919-560-te54-bq54,
1919-560,2,US Championships,us-championships,/en/scores/archive/us-championships/560/1919/results,1919.08.26,1919,08,26,1919.09.04,1919,09,04,0.0,1919,Round of 32,5,16,,USA,Richard Norris Williams,richard-norris-williams,w830,,USA,Willis Davis,willis-davis,df14,62 62 62 ,3,0,18,6,0,0,1919-560-w830-df14,
1919-560,2,US Championships,us-championships,/en/scores/archive/us-championships/560/1919/results,1919.08.26,1919,08,26,1919.09.04,1919,09,04,0.0,1919,Round of 64,6,1,,,J. Adoue,j.-adoue,ae97,,,R. Hoerr,r.-hoerr,hf08,86 63 61 ,3,0,20,10,0,0,1919-560-ae97-hf08,
1919-560,2,US Championships,us-championships,/en/scores/archive/us-championships/560/1919/results,1919.08.26,1919,08,26,1919.09.04,1919,09,04,0.0,1919,Round of 64,6,2,,,Frank Anderson,frank-anderson,ae88,,,A. Von Bernuth,a.-von-bernuth,v956,61 64 62 ,3,0,18,7,0,0,1919-560-ae88-v956,
1919-560,2,US Championships,us-championships,/en/scores/archive/us-championships/560/1919/results,1919.08.26,1919,08,26,1919.09.04,1919,09,04,0.0,1919,Round of 64,6,3,,,H. Bassford,h.-bassford,bq77,,,L. Fisher,l.-fisher,fb20,62 64 75 ,3,0,19,11,0,0,1919-560-bq77-fb20,
1919-560,2,US Championships,us-championships,/en/scores/archive/us-championships/560/1919/results,1919.08.26,1919,08,26,1919.09.04,1919,09,04,0.0,1919,Round of 64,6,4,,,L. Beekman,l.-beekman,bq76,,,B. Drake,b.-drake,df50,62 64 61 ,3,0,18,7,0,0,1919-560-bq76-df50,
1919-560,2,US Championships,us-championships,/en/scores/archive/us-championships/560/1919/results,1919.08.26,1919,08,26,1919.09.04,1919,09,04,0.0,1919,Round of 64,6,5,,,W. Benedict,w.-benedict,br27,,,G. Donaldson,g.-donaldson,df53,97 63 108 ,3,0,16,10,1,0,1919-560-br27-df53,
1919-560,2,US Championships,us-championships,/en/scores/archive/us-championships/560/1919/results,1919.08.26,1919,08,26,1919.09.04,1919,09,04,0.0,1919,Round of 64,6,6,,,Craig Biddle,craig-biddle,bq54,,USA,Frederick Anderson,frederick-anderson,ae60,63 61 75 ,3,0,19,9,0,0,1919-560-bq54-ae60,
1919-560,2,US Championships,us-championships,/en/scores/archive/us-championships/560/1919/results,1919.08.26,1919,08,26,1919.09.04,1919,09,04,0.0,1919,Round of 64,6,7,,AUS,Norman Brookes,norman-brookes,bq52,,,W. Westbrook,w.-westbrook,w922,60 60 64 ,3,0,18,4,0,0,1919-560-bq52-w922,
1919-560,2,US Championships,us-championships,/en/scores/archive/us-championships/560/1919/results,1919.08.26,1919,08,26,1919.09.04,1919,09,04,0.0,1919,Round of 64,6,8,,,C. Chambers,c.-chambers,cl00,,,W. Sweeney,w.-sweeney,sv78,26 64 62 63 ,3,1,20,15,0,0,1919-560-cl00-sv78,
1919-560,2,US Championships,us-championships,/en/scores/archive/us-championships/560/1919/results,1919.08.26,1919,08,26,1919.09.04,1919,09,04,0.0,1919,Round of 64,6,9,,USA,Willis Davis,willis-davis,df14,,,W. Gallon,w.-gallon,gh96,62 62 63 ,3,0,18,7,0,0,1919-560-df14-gh96,
1919-560,2,US Championships,us-championships,/en/scores/archive/us-championships/560/1919/results,1919.08.26,1919,08,26,1919.09.04,1919,09,04,0.0,1919,Round of 64,6,10,,,C. Doyle,c.-doyle,df52,,,J. Donaldson,j.-donaldson,df10,60 61 62 ,3,0,18,3,0,0,1919-560-df52-df10,
1919-560,2,US Championships,us-championships,/en/scores/archive/us-championships/560/1919/results,1919.08.26,1919,08,26,1919.09.04,1919,09,04,0.0,1919,Round of 64,6,11,,USA,Charles Garland,charles-garland,gh68,,,R. James,r.-james,j674,63 61 61 ,3,0,18,5,0,0,1919-560-gh68-j674,
1919-560,2,US Championships,us-championships,/en/scores/archive/us-championships/560/1919/results,1919.08.26,1919,08,26,1919.09.04,1919,09,04,0.0,1919,Round of 64,6,12,,,W. Hall,w.-hall,hf06,,,E. Harran,e.-harran,hf10,64 64 75 ,3,0,19,13,0,0,1919-560-hf06-hf10,
1919-560,2,US Championships,us-championships,/en/scores/archive/us-championships/560/1919/results,1919.08.26,1919,08,26,1919.09.04,1919,09,04,0.0,1919,Round of 64,6,13,,,A. Hammett,a.-hammett,hf00,,USA,S. H. Ellsworth Davenport,s.-h.-ellsworth-davenport,dd87,62 61 62 ,3,0,18,5,0,0,1919-560-hf00-dd87,
1919-560,2,US Championships,us-championships,/en/scores/archive/us-championships/560/1919/results,1919.08.26,1919,08,26,1919.09.04,1919,09,04,0.0,1919,Round of 64,6,14,,USA,Wallace Johnson,wallace-johnson,j664,,,R. Kirkland,r.-kirkland,kh06,61 62 63 ,3,0,18,6,0,0,1919-560-j664-kh06,
1919-560,2,US Championships,us-championships,/en/scores/archive/us-championships/560/1919/results,1919.08.26,1919,08,26,1919.09.04,1919,09,04,0.0,1919,Round of 64,6,15,,USA,Bill Johnston,bill-johnston,j665,,,G. Dionne,g.-dionne,df44,62 75 68 64 ,3,1,25,19,0,0,1919-560-j665-df44,
1919-560,2,US Championships,us-championships,/en/scores/archive/us-championships/560/1919/results,1919.08.26,1919,08,26,1919.09.04,1919,09,04,0.0,1919,Round of 64,6,16,,,H. Kelleher,h.-kelleher,kg89,,,P. Van Deventer,p.-van-deventer,v978,63 63 62 ,3,0,18,8,0,0,1919-560-kg89-v978,
1919-560,2,US Championships,us-championships,/en/scores/archive/us-championships/560/1919/results,1919.08.26,1919,08,26,1919.09.04,1919,09,04,0.0,1919,Round of 64,6,17,,JPN,Ichiya Kumagai,ichiya-kumagai,kh04,,,L. Van Deventer,l.-van-deventer,v980,62 63 63 ,3,0,18,8,0,0,1919-560-kh04-v980,
1919-560,2,US Championships,us-championships,/en/scores/archive/us-championships/560/1919/results,1919.08.26,1919,08,26,1919.09.04,1919,09,04,0.0,1919,Round of 64,6,18,,USA,Percy Kynaston,percy-kynaston,kg61,,,R. Seaver,r.-seaver,sv69,46 26 60 35 (RET),2,3,15,17,0,0,1919-560-kg61-sv69,
1919-560,2,US Championships,us-championships,/en/scores/archive/us-championships/560/1919/results,1919.08.26,1919,08,26,1919.09.04,1919,09,04,0.0,1919,Round of 64,6,19,,USA,Robert LeRoy,robert-leroy,lg28,,,C. Griffin,c.-griffin,gh58,46 26 62 60 64 ,3,2,24,18,0,0,1919-560-lg28-gh58,
1919-560,2,US Championships,us-championships,/en/scores/archive/us-championships/560/1919/results,1919.08.26,1919,08,26,1919.09.04,1919,09,04,0.0,1919,Round of 64,6,20,,USA,Maurice McLoughlin,maurice-mcloughlin,mt38,,,C. Curley,c.-curley,ck67,62 61 75 ,3,0,19,8,0,0,1919-560-mt38-ck67,
1919-560,2,US Championships,us-championships,/en/scores/archive/us-championships/560/1919/results,1919.08.26,1919,08,26,1919.09.04,1919,09,04,0.0,1919,Round of 64,6,21,,USA,Lindley Murray,lindley-murray,mt28,,USA,Dean Mathey,dean-mathey,mq86,62 64 108 ,3,0,13,6,1,0,1919-560-mt28-mq86,
1919-560,2,US Championships,us-championships,/en/scores/archive/us-championships/560/1919/results,1919.08.26,1919,08,26,1919.09.04,1919,09,04,0.0,1919,Round of 64,6,22,,USA,Nathaniel Niles,nathaniel-niles,n865,,JPN,Seiichiro Kashio,seiichiro-kashio,kh03,61 62 64 ,3,0,18,7,0,0,1919-560-n865-kh03,
1919-560,2,US Championships,us-championships,/en/scores/archive/us-championships/560/1919/results,1919.08.26,1919,08,26,1919.09.04,1919,09,04,0.0,1919,Round of 64,6,23,,NZL,Harry Parker,harry-parker,pj82,,,P. Ball,p.-ball,br31,63 36 60 62 ,3,1,21,11,0,0,1919-560-pj82-br31,
1919-560,2,US Championships,us-championships,/en/scores/archive/us-championships/560/1919/results,1919.08.26,1919,08,26,1919.09.04,1919,09,04,0.0,1919,Round of 64,6,24,,AUS,Gerald Patterson,gerald-patterson,pj50,,GBR,Randolph Lycett,randolph-lycett,lg02,(W/O),0,0,0,0,0,0,1919-560-pj50-lg02,
1919-560,2,US Championships,us-championships,/en/scores/archive/us-championships/560/1919/results,1919.08.26,1919,08,26,1919.09.04,1919,09,04,0.0,1919,Round of 64,6,25,,,T. Pell,t.-pell,pj83,,,A. Merriam,a.-merriam,mt32,60 61 62 ,3,0,18,3,0,0,1919-560-pj83-mt32,
1919-560,2,US Championships,us-championships,/en/scores/archive/us-championships/560/1919/results,1919.08.26,1919,08,26,1919.09.04,1919,09,04,0.0,1919,Round of 64,6,26,,,H.B. Taylor,h.b.-taylor,tf12,,,W. Toussaint,w.-toussaint,tf09,64 63 63 ,3,0,18,10,0,0,1919-560-tf12-tf09,
1919-560,2,US Championships,us-championships,/en/scores/archive/us-championships/560/1919/results,1919.08.26,1919,08,26,1919.09.04,1919,09,04,0.0,1919,Round of 64,6,27,,AUS,Ronald Thomas,ronald-thomas,td96,,,L. Mahan,l.-mahan,mt31,86 62 61 ,3,0,20,9,0,0,1919-560-td96-mt31,
1919-560,2,US Championships,us-championships,/en/scores/archive/us-championships/560/1919/results,1919.08.26,1919,08,26,1919.09.04,1919,09,04,0.0,1919,Round of 64,6,28,,USA,Bill Tilden,bill-tilden,te54,,,E. Thomas,e.-thomas,tf14,62 62 62 ,3,0,18,6,0,0,1919-560-te54-tf14,
1919-560,2,US Championships,us-championships,/en/scores/archive/us-championships/560/1919/results,1919.08.26,1919,08,26,1919.09.04,1919,09,04,0.0,1919,Round of 64,6,29,,,R. Van Vliet,r.-van-vliet,v981,,,C. Charest,c.-charest,ck68,57 62 63 64 ,3,1,23,16,0,0,1919-560-v981-ck68,
1919-560,2,US Championships,us-championships,/en/scores/archive/us-championships/560/1919/results,1919.08.26,1919,08,26,1919.09.04,1919,09,04,0.0,1919,Round of 64,6,30,,USA,Watson Washburn,watson-washburn,w835,,,F. Loughman,f.-loughman,lg48,60 63 62 ,3,0,18,5,0,0,1919-560-w835-lg48,
1919-560,2,US Championships,us-championships,/en/scores/archive/us-championships/560/1919/results,1919.08.26,1919,08,26,1919.09.04,1919,09,04,0.0,1919,Round of 64,6,31,,USA,Lucien Williams,lucien-williams,w906,,,R. Seabury,r.-seabury,sv72,64 64 46 62 ,3,1,22,16,0,0,1919-560-w906-sv72,
1919-560,2,US Championships,us-championships,/en/scores/archive/us-championships/560/1919/results,1919.08.26,1919,08,26,1919.09.04,1919,09,04,0.0,1919,Round of 64,6,32,,USA,Richard Norris Williams,richard-norris-williams,w830,,USA,Vincent Richards,vincent-richards,rf59,75 61 62 ,3,0,19,8,0,0,1919-560-w830-rf59,
1919-560,2,US Championships,us-championships,/en/scores/archive/us-championships/560/1919/results,1919.08.26,1919,08,26,1919.09.04,1919,09,04,0.0,1919,Round of 128,7,1,,,J. Adoue,j.-adoue,ae97,,,G. Emerson,g.-emerson,e956,61 75 26 63 ,3,1,21,15,0,0,1919-560-ae97-e956,
1919-560,2,US Championships,us-championships,/en/scores/archive/us-championships/560/1919/results,1919.08.26,1919,08,26,1919.09.04,1919,09,04,0.0,1919,Round of 128,7,2,,USA,Frederick Anderson,frederick-anderson,ae60,,USA,Clarence Hobbart,clarence-hobbart,hf11,61 57 60 63 ,3,1,23,11,0,0,1919-560-ae60-hf11,
1919-560,2,US Championships,us-championships,/en/scores/archive/us-championships/560/1919/results,1919.08.26,1919,08,26,1919.09.04,1919,09,04,0.0,1919,Round of 128,7,3,,,Frank Anderson,frank-anderson,ae88,,,E. Oelsner,e.-oelsner,o601,64 36 64 64 ,3,1,21,18,0,0,1919-560-ae88-o601,
1919-560,2,US Championships,us-championships,/en/scores/archive/us-championships/560/1919/results,1919.08.26,1919,08,26,1919.09.04,1919,09,04,0.0,1919,Round of 128,7,4,,,P. Ball,p.-ball,br31,,USA,Herbert Bowman,herbert-bowman,bp00,46 63 63 63 ,3,1,22,15,0,0,1919-560-br31-bp00,
1919-560,2,US Championships,us-championships,/en/scores/archive/us-championships/560/1919/results,1919.08.26,1919,08,26,1919.09.04,1919,09,04,0.0,1919,Round of 128,7,5,,,H. Bassford,h.-bassford,bq77,,,G. King,g.-king,kg73,75 16 63 46 75 ,3,2,25,25,0,0,1919-560-bq77-kg73,
1919-560,2,US Championships,us-championships,/en/scores/archive/us-championships/560/1919/results,1919.08.26,1919,08,26,1919.09.04,1919,09,04,0.0,1919,Round of 128,7,6,,,L. Beekman,l.-beekman,bq76,,,A. Iler,a.-iler,i385,46 63 64 64 ,3,1,22,17,0,0,1919-560-bq76-i385,
1919-560,2,US Championships,us-championships,/en/scores/archive/us-championships/560/1919/results,1919.08.26,1919,08,26,1919.09.04,1919,09,04,0.0,1919,Round of 128,7,7,,,W. Benedict,w.-benedict,br27,,,M. Soper,m.-soper,sv71,64 63 86 ,3,0,20,13,0,0,1919-560-br27-sv71,
1919-560,2,US Championships,us-championships,/en/scores/archive/us-championships/560/1919/results,1919.08.26,1919,08,26,1919.09.04,1919,09,04,0.0,1919,Round of 128,7,8,,,Craig Biddle,craig-biddle,bq54,,,F. Fall,f.-fall,fb19,64 62 60 ,3,0,18,6,0,0,1919-560-bq54-fb19,
1919-560,2,US Championships,us-championships,/en/scores/archive/us-championships/560/1919/results,1919.08.26,1919,08,26,1919.09.04,1919,09,04,0.0,1919,Round of 128,7,9,,AUS,Norman Brookes,norman-brookes,bq52,,,W. Pate,w.-pate,pj96,60 63 61 ,3,0,18,4,0,0,1919-560-bq52-pj96,
1919-560,2,US Championships,us-championships,/en/scores/archive/us-championships/560/1919/results,1919.08.26,1919,08,26,1919.09.04,1919,09,04,0.0,1919,Round of 128,7,10,,,C. Chambers,c.-chambers,cl00,,,J. Magee,j.-magee,mt23,64 64 61 ,3,0,18,9,0,0,1919-560-cl00-mt23,
1919-560,2,US Championships,us-championships,/en/scores/archive/us-championships/560/1919/results,1919.08.26,1919,08,26,1919.09.04,1919,09,04,0.0,1919,Round of 128,7,11,,,C. Charest,c.-charest,ck68,,,A. Cassils,a.-cassils,ck97,75 62 62 ,3,0,19,9,0,0,1919-560-ck68-ck97,
1919-560,2,US Championships,us-championships,/en/scores/archive/us-championships/560/1919/results,1919.08.26,1919,08,26,1919.09.04,1919,09,04,0.0,1919,Round of 128,7,12,,,C. Curley,c.-curley,ck67,,USA,Karl Behr,karl-behr,br30,(W/O),0,0,0,0,0,0,1919-560-ck67-br30,
1919-560,2,US Championships,us-championships,/en/scores/archive/us-championships/560/1919/results,1919.08.26,1919,08,26,1919.09.04,1919,09,04,0.0,1919,Round of 128,7,13,,USA,S. H. Ellsworth Davenport,s.-h.-ellsworth-davenport,dd87,,,Stuart Symington,stuart-symington,sv68,63 61 62 ,3,0,18,6,0,0,1919-560-dd87-sv68,
1919-560,2,US Championships,us-championships,/en/scores/archive/us-championships/560/1919/results,1919.08.26,1919,08,26,1919.09.04,1919,09,04,0.0,1919,Round of 128,7,14,,USA,Willis Davis,willis-davis,df14,,,R. Dana,r.-dana,df47,36 75 63 108 ,3,1,17,14,1,0,1919-560-df14-df47,
1919-560,2,US Championships,us-championships,/en/scores/archive/us-championships/560/1919/results,1919.08.26,1919,08,26,1919.09.04,1919,09,04,0.0,1919,Round of 128,7,15,,,G. Dionne,g.-dionne,df44,,,H. Adams,h.-adams,af05,75 61 62 ,3,0,19,8,0,0,1919-560-df44-af05,
1919-560,2,US Championships,us-championships,/en/scores/archive/us-championships/560/1919/results,1919.08.26,1919,08,26,1919.09.04,1919,09,04,0.0,1919,Round of 128,7,16,,,J. Donaldson,j.-donaldson,df10,,,F. Fox,f.-fox,fb24,46 63 61 62 ,3,1,22,12,0,0,1919-560-df10-fb24,
1919-560,2,US Championships,us-championships,/en/scores/archive/us-championships/560/1919/results,1919.08.26,1919,08,26,1919.09.04,1919,09,04,0.0,1919,Round of 128,7,17,,,G. Donaldson,g.-donaldson,df53,,,H. Burroughs,h.-burroughs,br28,64 64 64 ,3,0,18,12,0,0,1919-560-df53-br28,
1919-560,2,US Championships,us-championships,/en/scores/archive/us-championships/560/1919/results,1919.08.26,1919,08,26,1919.09.04,1919,09,04,0.0,1919,Round of 128,7,18,,,C. Doyle,c.-doyle,df52,,,H. Voshell,h.-voshell,v966,46 63 63 57 64 ,3,2,27,23,0,0,1919-560-df52-v966,
1919-560,2,US Championships,us-championships,/en/scores/archive/us-championships/560/1919/results,1919.08.26,1919,08,26,1919.09.04,1919,09,04,0.0,1919,Round of 128,7,19,,,B. Drake,b.-drake,df50,,,C. Gill,c.-gill,gi07,36 63 63 63 ,3,1,21,15,0,0,1919-560-df50-gi07,
1919-560,2,US Championships,us-championships,/en/scores/archive/us-championships/560/1919/results,1919.08.26,1919,08,26,1919.09.04,1919,09,04,0.0,1919,Round of 128,7,20,,,L. Fisher,l.-fisher,fb20,,,H. Sachs,h.-sachs,sv70,26 75 63 75 ,3,1,22,19,0,0,1919-560-fb20-sv70,
1919-560,2,US Championships,us-championships,/en/scores/archive/us-championships/560/1919/results,1919.08.26,1919,08,26,1919.09.04,1919,09,04,0.0,1919,Round of 128,7,21,,,W. Gallon,w.-gallon,gh96,,,W. Anderson,w.-anderson,af01,60 06 36 63 64 ,3,2,21,19,0,0,1919-560-gh96-af01,
1919-560,2,US Championships,us-championships,/en/scores/archive/us-championships/560/1919/results,1919.08.26,1919,08,26,1919.09.04,1919,09,04,0.0,1919,Round of 128,7,22,,USA,Charles Garland,charles-garland,gh68,,,J. Stockton,j.-stockton,sv65,63 62 62 ,3,0,18,7,0,0,1919-560-gh68-sv65,
1919-560,2,US Championships,us-championships,/en/scores/archive/us-championships/560/1919/results,1919.08.26,1919,08,26,1919.09.04,1919,09,04,0.0,1919,Round of 128,7,23,,,C. Griffin,c.-griffin,gh58,,,J. Fox,j.-fox,fb22,(W/O),0,0,0,0,0,0,1919-560-gh58-fb22,
1919-560,2,US Championships,us-championships,/en/scores/archive/us-championships/560/1919/results,1919.08.26,1919,08,26,1919.09.04,1919,09,04,0.0,1919,Round of 128,7,24,,,W. Hall,w.-hall,hf06,,,A. Chapin sr.,a.-chapin-sr.,ck98,63 86 60 ,3,0,20,9,0,0,1919-560-hf06-ck98,
1919-560,2,US Championships,us-championships,/en/scores/archive/us-championships/560/1919/results,1919.08.26,1919,08,26,1919.09.04,1919,09,04,0.0,1919,Round of 128,7,25,,,A. Hammett,a.-hammett,hf00,,,R. Davis,r.-davis,df54,36 62 62 64 ,3,1,21,14,0,0,1919-560-hf00-df54,
1919-560,2,US Championships,us-championships,/en/scores/archive/us-championships/560/1919/results,1919.08.26,1919,08,26,1919.09.04,1919,09,04,0.0,1919,Round of 128,7,26,,,E. Harran,e.-harran,hf10,,,R. Richey,r.-richey,rf85,75 64 62 ,3,0,19,11,0,0,1919-560-hf10-rf85,
1919-560,2,US Championships,us-championships,/en/scores/archive/us-championships/560/1919/results,1919.08.26,1919,08,26,1919.09.04,1919,09,04,0.0,1919,Round of 128,7,27,,,R. Hoerr,r.-hoerr,hf08,,,H. Johnson,h.-johnson,j677,(W/O),0,0,0,0,0,0,1919-560-hf08-j677,
1919-560,2,US Championships,us-championships,/en/scores/archive/us-championships/560/1919/results,1919.08.26,1919,08,26,1919.09.04,1919,09,04,0.0,1919,Round of 128,7,28,,,R. James,r.-james,j674,,,J. Werner,j.-werner,w947,62 75 63 ,3,0,19,10,0,0,1919-560-j674-w947,
1919-560,2,US Championships,us-championships,/en/scores/archive/us-championships/560/1919/results,1919.08.26,1919,08,26,1919.09.04,1919,09,04,0.0,1919,Round of 128,7,29,,USA,Wallace Johnson,wallace-johnson,j664,,,H. Benedict,h.-benedict,br26,62 61 63 ,3,0,18,6,0,0,1919-560-j664-br26,
1919-560,2,US Championships,us-championships,/en/scores/archive/us-championships/560/1919/results,1919.08.26,1919,08,26,1919.09.04,1919,09,04,0.0,1919,Round of 128,7,30,,USA,Bill Johnston,bill-johnston,j665,,USA,H. Brunie,h.-brunie,br25,61 61 61 ,3,0,18,3,0,0,1919-560-j665-br25,
1919-560,2,US Championships,us-championships,/en/scores/archive/us-championships/560/1919/results,1919.08.26,1919,08,26,1919.09.04,1919,09,04,0.0,1919,Round of 128,7,31,,JPN,Seiichiro Kashio,seiichiro-kashio,kh03,,,H. O'Boyle,h.-o'boyle,o602,61 64 62 ,3,0,18,7,0,0,1919-560-kh03-o602,
1919-560,2,US Championships,us-championships,/en/scores/archive/us-championships/560/1919/results,1919.08.26,1919,08,26,1919.09.04,1919,09,04,0.0,1919,Round of 128,7,32,,,H. Kelleher,h.-kelleher,kg89,,,G. Groesbeck,g.-groesbeck,gi03,62 63 60 ,3,0,18,5,0,0,1919-560-kg89-gi03,
1919-560,2,US Championships,us-championships,/en/scores/archive/us-championships/560/1919/results,1919.08.26,1919,08,26,1919.09.04,1919,09,04,0.0,1919,Round of 128,7,33,,,R. Kirkland,r.-kirkland,kh06,,,J. O'Boyle,j.-o'boyle,o608,75 62 63 ,3,0,19,10,0,0,1919-560-kh06-o608,
1919-560,2,US Championships,us-championships,/en/scores/archive/us-championships/560/1919/results,1919.08.26,1919,08,26,1919.09.04,1919,09,04,0.0,1919,Round of 128,7,34,,JPN,Ichiya Kumagai,ichiya-kumagai,kh04,,,S. Brubans,s.-brubans,br13,60 60 61 ,3,0,18,1,0,0,1919-560-kh04-br13,
1919-560,2,US Championships,us-championships,/en/scores/archive/us-championships/560/1919/results,1919.08.26,1919,08,26,1919.09.04,1919,09,04,0.0,1919,Round of 128,7,35,,USA,Percy Kynaston,percy-kynaston,kg61,,,R. Allen,r.-allen,af06,61 60 36 46 62 ,3,2,25,15,0,0,1919-560-kg61-af06,
1919-560,2,US Championships,us-championships,/en/scores/archive/us-championships/560/1919/results,1919.08.26,1919,08,26,1919.09.04,1919,09,04,0.0,1919,Round of 128,7,36,,USA,Robert LeRoy,robert-leroy,lg28,,,D. Obear,d.-obear,o603,64 61 60 ,3,0,18,5,0,0,1919-560-lg28-o603,
1919-560,2,US Championships,us-championships,/en/scores/archive/us-championships/560/1919/results,1919.08.26,1919,08,26,1919.09.04,1919,09,04,0.0,1919,Round of 128,7,37,,,F. Loughman,f.-loughman,lg48,,,E. Chase,e.-chase,ck93,62 57 63 63 ,3,1,23,15,0,0,1919-560-lg48-ck93,
1919-560,2,US Championships,us-championships,/en/scores/archive/us-championships/560/1919/results,1919.08.26,1919,08,26,1919.09.04,1919,09,04,0.0,1919,Round of 128,7,38,,GBR,Randolph Lycett,randolph-lycett,lg02,,,H. Godshall,h.-godshall,gi05,68 63 64 64 ,3,1,24,19,0,0,1919-560-lg02-gi05,
1919-560,2,US Championships,us-championships,/en/scores/archive/us-championships/560/1919/results,1919.08.26,1919,08,26,1919.09.04,1919,09,04,0.0,1919,Round of 128,7,39,,,L. Mahan,l.-mahan,mt31,,,T. Fulton,t.-fulton,fb25,(W/O),0,0,0,0,0,0,1919-560-mt31-fb25,
1919-560,2,US Championships,us-championships,/en/scores/archive/us-championships/560/1919/results,1919.08.26,1919,08,26,1919.09.04,1919,09,04,0.0,1919,Round of 128,7,40,,USA,Dean Mathey,dean-mathey,mq86,,,J. Allen,j.-allen,af04,60 61 60 ,3,0,18,1,0,0,1919-560-mq86-af04,
1919-560,2,US Championships,us-championships,/en/scores/archive/us-championships/560/1919/results,1919.08.26,1919,08,26,1919.09.04,1919,09,04,0.0,1919,Round of 128,7,41,,USA,Maurice McLoughlin,maurice-mcloughlin,mt38,,,A. Cragin,a.-cragin,cl01,63 60 62 ,3,0,18,5,0,0,1919-560-mt38-cl01,
1919-560,2,US Championships,us-championships,/en/scores/archive/us-championships/560/1919/results,1919.08.26,1919,08,26,1919.09.04,1919,09,04,0.0,1919,Round of 128,7,42,,,A. Merriam,a.-merriam,mt32,,,W. Hames,w.-hames,hf09,62 61 62 ,3,0,18,5,0,0,1919-560-mt32-hf09,
1919-560,2,US Championships,us-championships,/en/scores/archive/us-championships/560/1919/results,1919.08.26,1919,08,26,1919.09.04,1919,09,04,0.0,1919,Round of 128,7,43,,USA,Lindley Murray,lindley-murray,mt28,,,W. Rosenbaum,w.-rosenbaum,rf82,60 60 60 ,3,0,18,0,0,0,1919-560-mt28-rf82,
1919-560,2,US Championships,us-championships,/en/scores/archive/us-championships/560/1919/results,1919.08.26,1919,08,26,1919.09.04,1919,09,04,0.0,1919,Round of 128,7,44,,USA,Nathaniel Niles,nathaniel-niles,n865,,,J. Ewing,j.-ewing,e966,60 61 60 ,3,0,18,1,0,0,1919-560-n865-e966,
1919-560,2,US Championships,us-championships,/en/scores/archive/us-championships/560/1919/results,1919.08.26,1919,08,26,1919.09.04,1919,09,04,0.0,1919,Round of 128,7,45,,NZL,Harry Parker,harry-parker,pj82,,,T. Day,t.-day,df49,62 62 75 ,3,0,19,9,0,0,1919-560-pj82-df49,
1919-560,2,US Championships,us-championships,/en/scores/archive/us-championships/560/1919/results,1919.08.26,1919,08,26,1919.09.04,1919,09,04,0.0,1919,Round of 128,7,46,,AUS,Gerald Patterson,gerald-patterson,pj50,,USA,Fred Alexander,fred-alexander,af02,46 36 61 62 62 ,3,2,25,17,0,0,1919-560-pj50-af02,
1919-560,2,US Championships,us-championships,/en/scores/archive/us-championships/560/1919/results,1919.08.26,1919,08,26,1919.09.04,1919,09,04,0.0,1919,Round of 128,7,47,,,T. Pell,t.-pell,pj83,,,H.L. Taylor,h.l.-taylor,tf13,16 63 61 64 ,3,1,19,14,0,0,1919-560-pj83-tf13,
1919-560,2,US Championships,us-championships,/en/scores/archive/us-championships/560/1919/results,1919.08.26,1919,08,26,1919.09.04,1919,09,04,0.0,1919,Round of 128,7,48,,USA,Vincent Richards,vincent-richards,rf59,,,Leven Jester,leven-jester,j667,62 62 75 ,3,0,19,9,0,0,1919-560-rf59-j667,
1919-560,2,US Championships,us-championships,/en/scores/archive/us-championships/560/1919/results,1919.08.26,1919,08,26,1919.09.04,1919,09,04,0.0,1919,Round of 128,7,49,,,R. Seabury,r.-seabury,sv72,,AUS,C. Lamb,c.-lamb,lg08,108 62 63 ,3,0,13,5,1,0,1919-560-sv72-lg08,
1919-560,2,US Championships,us-championships,/en/scores/archive/us-championships/560/1919/results,1919.08.26,1919,08,26,1919.09.04,1919,09,04,0.0,1919,Round of 128,7,50,,,R. Seaver,r.-seaver,sv69,,,C. Barker,c.-barker,br29,62 63 46 64 ,3,1,22,15,0,0,1919-560-sv69-br29,
1919-560,2,US Championships,us-championships,/en/scores/archive/us-championships/560/1919/results,1919.08.26,1919,08,26,1919.09.04,1919,09,04,0.0,1919,Round of 128,7,51,,,W. Sweeney,w.-sweeney,sv78,,,R. McClave,r.-mcclave,mt34,(W/O),0,0,0,0,0,0,1919-560-sv78-mt34,
1919-560,2,US Championships,us-championships,/en/scores/archive/us-championships/560/1919/results,1919.08.26,1919,08,26,1919.09.04,1919,09,04,0.0,1919,Round of 128,7,52,,,H.B. Taylor,h.b.-taylor,tf12,,,G. Murdock,g.-murdock,mt37,61 60 62 ,3,0,18,3,0,0,1919-560-tf12-mt37,
1919-560,2,US Championships,us-championships,/en/scores/archive/us-championships/560/1919/results,1919.08.26,1919,08,26,1919.09.04,1919,09,04,0.0,1919,Round of 128,7,53,,,E. Thomas,e.-thomas,tf14,,,F. Inman,f.-inman,i384,(W/O),0,0,0,0,0,0,1919-560-tf14-i384,
1919-560,2,US Championships,us-championships,/en/scores/archive/us-championships/560/1919/results,1919.08.26,1919,08,26,1919.09.04,1919,09,04,0.0,1919,Round of 128,7,54,,AUS,Ronald Thomas,ronald-thomas,td96,,,W. Compton,w.-compton,ck99,60 61 61 ,3,0,18,2,0,0,1919-560-td96-ck99,
1919-560,2,US Championships,us-championships,/en/scores/archive/us-championships/560/1919/results,1919.08.26,1919,08,26,1919.09.04,1919,09,04,0.0,1919,Round of 128,7,55,,USA,Bill Tilden,bill-tilden,te54,,,H. Nering,h.-nering,n876,(W/O),0,0,0,0,0,0,1919-560-te54-n876,
1919-560,2,US Championships,us-championships,/en/scores/archive/us-championships/560/1919/results,1919.08.26,1919,08,26,1919.09.04,1919,09,04,0.0,1919,Round of 128,7,56,,,W. Toussaint,w.-toussaint,tf09,,USA,Alfred Chapin,alfred-chapin,ck62,64 75 36 46 63 ,3,2,26,24,0,0,1919-560-tf09-ck62,
1919-560,2,US Championships,us-championships,/en/scores/archive/us-championships/560/1919/results,1919.08.26,1919,08,26,1919.09.04,1919,09,04,0.0,1919,Round of 128,7,57,,,P. Van Deventer,p.-van-deventer,v978,,,G. Pike,g.-pike,pk06,62 64 86 ,3,0,20,12,0,0,1919-560-v978-pk06,
1919-560,2,US Championships,us-championships,/en/scores/archive/us-championships/560/1919/results,1919.08.26,1919,08,26,1919.09.04,1919,09,04,0.0,1919,Round of 128,7,58,,,L. Van Deventer,l.-van-deventer,v980,,,Augustine Healy,augustine-healy,hf05,64 64 62 ,3,0,18,10,0,0,1919-560-v980-hf05,
1919-560,2,US Championships,us-championships,/en/scores/archive/us-championships/560/1919/results,1919.08.26,1919,08,26,1919.09.04,1919,09,04,0.0,1919,Round of 128,7,59,,,R. Van Vliet,r.-van-vliet,v981,,,H. Nickerson,h.-nickerson,n878,(W/O),0,0,0,0,0,0,1919-560-v981-n878,
1919-560,2,US Championships,us-championships,/en/scores/archive/us-championships/560/1919/results,1919.08.26,1919,08,26,1919.09.04,1919,09,04,0.0,1919,Round of 128,7,60,,,A. Von Bernuth,a.-von-bernuth,v956,,,C. Mack,c.-mack,mt36,(W/O),0,0,0,0,0,0,1919-560-v956-mt36,
1919-560,2,US Championships,us-championships,/en/scores/archive/us-championships/560/1919/results,1919.08.26,1919,08,26,1919.09.04,1919,09,04,0.0,1919,Round of 128,7,61,,USA,Watson Washburn,watson-washburn,w835,,,H. Morgenthaler,h.-morgenthaler,mt33,63 75 63 ,3,0,19,11,0,0,1919-560-w835-mt33,
1919-560,2,US Championships,us-championships,/en/scores/archive/us-championships/560/1919/results,1919.08.26,1919,08,26,1919.09.04,1919,09,04,0.0,1919,Round of 128,7,62,,,W. Westbrook,w.-westbrook,w922,,,R. Gatcomb,r.-gatcomb,gi06,63 62 75 ,3,0,19,10,0,0,1919-560-w922-gi06,
1919-560,2,US Championships,us-championships,/en/scores/archive/us-championships/560/1919/results,1919.08.26,1919,08,26,1919.09.04,1919,09,04,0.0,1919,Round of 128,7,63,,USA,Lucien Williams,lucien-williams,w906,,,K. Simmons,k.-simmons,sv77,(W/O),0,0,0,0,0,0,1919-560-w906-sv77,
1919-560,2,US Championships,us-championships,/en/scores/archive/us-championships/560/1919/results,1919.08.26,1919,08,26,1919.09.04,1919,09,04,0.0,1919,Round of 128,7,64,,USA,Richard Norris Williams,richard-norris-williams,w830,,,F. Baggs,f.-baggs,bq30,63 64 64 ,3,0,18,11,0,0,1919-560-w830-bq30,
1919-580,3,Australasian Championships,australasian-championships,/en/scores/archive/australasian-championships/580/1919/results,1920.01.22,1920,01,22,1920.01.28,1920,01,28,0.0,1919,Finals,1,1,,GBR,Algernon Kingscote,algernon-kingscote,kg77,,AUS,Eric Pockley,eric-pockley,pk05,64 60 63 ,3,0,18,7,0,0,1919-580-kg77-pk05,
1919-580,3,Australasian Championships,australasian-championships,/en/scores/archive/australasian-championships/580/1919/results,1920.01.22,1920,01,22,1920.01.28,1920,01,28,0.0,1919,Semi-Finals,2,1,,GBR,Algernon Kingscote,algernon-kingscote,kg77,,AUS,James Anderson,james-anderson,ae69,36 75 64 63 ,3,1,22,18,0,0,1919-580-kg77-ae69,
1919-580,3,Australasian Championships,australasian-championships,/en/scores/archive/australasian-championships/580/1919/results,1920.01.22,1920,01,22,1920.01.28,1920,01,28,0.0,1919,Semi-Finals,2,2,,AUS,Eric Pockley,eric-pockley,pk05,,GBR,Arthur Lowe,arthur-lowe,lg03,64 63 61 ,3,0,18,8,0,0,1919-580-pk05-lg03,
1919-580,3,Australasian Championships,australasian-championships,/en/scores/archive/australasian-championships/580/1919/results,1920.01.22,1920,01,22,1920.01.28,1920,01,28,0.0,1919,Quarter-Finals,3,1,,AUS,James Anderson,james-anderson,ae69,,,Henry Marsh,henry-marsh,mt03,61 68 64 63 ,3,1,24,16,0,0,1919-580-ae69-mt03,
1919-580,3,Australasian Championships,australasian-championships,/en/scores/archive/australasian-championships/580/1919/results,1920.01.22,1920,01,22,1920.01.28,1920,01,28,0.0,1919,Quarter-Finals,3,2,,GBR,Algernon Kingscote,algernon-kingscote,kg77,,GBR,Alfred Beamish,alfred-beamish,bq87,(W/O),0,0,0,0,0,0,1919-580-kg77-bq87,
1919-580,3,Australasian Championships,australasian-championships,/en/scores/archive/australasian-championships/580/1919/results,1920.01.22,1920,01,22,1920.01.28,1920,01,28,0.0,1919,Quarter-Finals,3,3,,GBR,Arthur Lowe,arthur-lowe,lg03,,AUS,Pat O'Hara-Wood,pat-o'hara-wood,o583,63 62 62 ,3,0,18,7,0,0,1919-580-lg03-o583,
1919-580,3,Australasian Championships,australasian-championships,/en/scores/archive/australasian-championships/580/1919/results,1920.01.22,1920,01,22,1920.01.28,1920,01,28,0.0,1919,Quarter-Finals,3,4,,AUS,Eric Pockley,eric-pockley,pk05,,,L. Darby,l.-darby,df51,63 64 60 ,3,0,18,7,0,0,1919-580-pk05-df51,
1919-580,3,Australasian Championships,australasian-championships,/en/scores/archive/australasian-championships/580/1919/results,1920.01.22,1920,01,22,1920.01.28,1920,01,28,0.0,1919,Round of 16,4,1,,AUS,James Anderson,james-anderson,ae69,,AUS,John Clemenger,john-clemenger,cj18,62 61 64 ,3,0,18,7,0,0,1919-580-ae69-cj18,
1919-580,3,Australasian Championships,australasian-championships,/en/scores/archive/australasian-championships/580/1919/results,1920.01.22,1920,01,22,1920.01.28,1920,01,28,0.0,1919,Round of 16,4,2,,GBR,Alfred Beamish,alfred-beamish,bq87,,AUS,Norman Peach,norman-peach,pi70,64 79 64 63 ,3,1,25,20,0,0,1919-580-bq87-pi70,
1919-580,3,Australasian Championships,australasian-championships,/en/scores/archive/australasian-championships/580/1919/results,1920.01.22,1920,01,22,1920.01.28,1920,01,28,0.0,1919,Round of 16,4,3,,,L. Darby,l.-darby,df51,,AUS,Gerald Patterson,gerald-patterson,pj50,(W/O),0,0,0,0,0,0,1919-580-df51-pj50,
1919-580,3,Australasian Championships,australasian-championships,/en/scores/archive/australasian-championships/580/1919/results,1920.01.22,1920,01,22,1920.01.28,1920,01,28,0.0,1919,Round of 16,4,4,,GBR,Algernon Kingscote,algernon-kingscote,kg77,,,A. North,a.-north,n868,62 64 62 ,3,0,18,8,0,0,1919-580-kg77-n868,
1919-580,3,Australasian Championships,australasian-championships,/en/scores/archive/australasian-championships/580/1919/results,1920.01.22,1920,01,22,1920.01.28,1920,01,28,0.0,1919,Round of 16,4,5,,GBR,Arthur Lowe,arthur-lowe,lg03,,AUS,E. Jordan,e.-jordan,j668,60 64 62 ,3,0,18,6,0,0,1919-580-lg03-j668,
1919-580,3,Australasian Championships,australasian-championships,/en/scores/archive/australasian-championships/580/1919/results,1920.01.22,1920,01,22,1920.01.28,1920,01,28,0.0,1919,Round of 16,4,6,,,Henry Marsh,henry-marsh,mt03,,AUS,Ronald Thomas,ronald-thomas,td96,64 75 62 ,3,0,19,11,0,0,1919-580-mt03-td96,
1919-580,3,Australasian Championships,australasian-championships,/en/scores/archive/australasian-championships/580/1919/results,1920.01.22,1920,01,22,1920.01.28,1920,01,28,0.0,1919,Round of 16,4,7,,AUS,Pat O'Hara-Wood,pat-o'hara-wood,o583,,,R. Neil,r.-neil,n881,62 63 64 ,3,0,18,9,0,0,1919-580-o583-n881,
1919-580,3,Australasian Championships,australasian-championships,/en/scores/archive/australasian-championships/580/1919/results,1920.01.22,1920,01,22,1920.01.28,1920,01,28,0.0,1919,Round of 16,4,8,,AUS,Eric Pockley,eric-pockley,pk05,,,H.J. Penny,h.j.-penny,pk02,63 60 64 ,3,0,18,7,0,0,1919-580-pk05-pk02,
1919-580,3,Australasian Championships,australasian-championships,/en/scores/archive/australasian-championships/580/1919/results,1920.01.22,1920,01,22,1920.01.28,1920,01,28,0.0,1919,Round of 32,5,1,,AUS,James Anderson,james-anderson,ae69,,,J. O'Ryan,j.-o'ryan,o607,(W/O),0,0,0,0,0,0,1919-580-ae69-o607,
1919-580,3,Australasian Championships,australasian-championships,/en/scores/archive/australasian-championships/580/1919/results,1920.01.22,1920,01,22,1920.01.28,1920,01,28,0.0,1919,Round of 32,5,2,,GBR,Alfred Beamish,alfred-beamish,bq87,,,F. Peach,f.-peach,pj71,61 64 61 ,3,0,18,6,0,0,1919-580-bq87-pj71,
1919-580,3,Australasian Championships,australasian-championships,/en/scores/archive/australasian-championships/580/1919/results,1920.01.22,1920,01,22,1920.01.28,1920,01,28,0.0,1919,Round of 32,5,3,,AUS,John Clemenger,john-clemenger,cj18,,,G. Booth,g.-booth,br24,16 64 36 75 61 ,3,2,23,22,0,0,1919-580-cj18-br24,
1919-580,3,Australasian Championships,australasian-championships,/en/scores/archive/australasian-championships/580/1919/results,1920.01.22,1920,01,22,1920.01.28,1920,01,28,0.0,1919,Round of 32,5,4,,,L. Darby,l.-darby,df51,,,A. Storey,a.-storey,sv76,(W/O),0,0,0,0,0,0,1919-580-df51-sv76,
1919-580,3,Australasian Championships,australasian-championships,/en/scores/archive/australasian-championships/580/1919/results,1920.01.22,1920,01,22,1920.01.28,1920,01,28,0.0,1919,Round of 32,5,5,,AUS,E. Jordan,e.-jordan,j668,,,Unknown Pawsey,unknown-pawsey,pk04,64 61 61 ,3,0,18,6,0,0,1919-580-j668-pk04,
1919-580,3,Australasian Championships,australasian-championships,/en/scores/archive/australasian-championships/580/1919/results,1920.01.22,1920,01,22,1920.01.28,1920,01,28,0.0,1919,Round of 32,5,6,,GBR,Algernon Kingscote,algernon-kingscote,kg77,,AUS,K. Poulton,k.-poulton,pj72,(W/O),0,0,0,0,0,0,1919-580-kg77-pj72,
1919-580,3,Australasian Championships,australasian-championships,/en/scores/archive/australasian-championships/580/1919/results,1920.01.22,1920,01,22,1920.01.28,1920,01,28,0.0,1919,Round of 32,5,7,,GBR,Arthur Lowe,arthur-lowe,lg03,,,T. Carr,t.-carr,ck96,(W/O),0,0,0,0,0,0,1919-580-lg03-ck96,
1919-580,3,Australasian Championships,australasian-championships,/en/scores/archive/australasian-championships/580/1919/results,1920.01.22,1920,01,22,1920.01.28,1920,01,28,0.0,1919,Round of 32,5,8,,,Henry Marsh,henry-marsh,mt03,,,S. Henderson,s.-henderson,he77,75 36 64 63 ,3,1,22,18,0,0,1919-580-mt03-he77,
1919-580,3,Australasian Championships,australasian-championships,/en/scores/archive/australasian-championships/580/1919/results,1920.01.22,1920,01,22,1920.01.28,1920,01,28,0.0,1919,Round of 32,5,9,,,R. Neil,r.-neil,n881,,,C. Cross,c.-cross,ck72,62 63 61 ,3,0,18,6,0,0,1919-580-n881-ck72,
1919-580,3,Australasian Championships,australasian-championships,/en/scores/archive/australasian-championships/580/1919/results,1920.01.22,1920,01,22,1920.01.28,1920,01,28,0.0,1919,Round of 32,5,10,,,A. North,a.-north,n868,,AUS,Clarence Todd,clarence-todd,tf06,46 06 64 75 65 (RET),4,2,23,26,0,0,1919-580-n868-tf06,
1919-580,3,Australasian Championships,australasian-championships,/en/scores/archive/australasian-championships/580/1919/results,1920.01.22,1920,01,22,1920.01.28,1920,01,28,0.0,1919,Round of 32,5,11,,AUS,Pat O'Hara-Wood,pat-o'hara-wood,o583,,,H. Kirkpatrick,h.-kirkpatrick,kh09,63 61 (RET),3,0,12,4,0,0,1919-580-o583-kh09,
1919-580,3,Australasian Championships,australasian-championships,/en/scores/archive/australasian-championships/580/1919/results,1920.01.22,1920,01,22,1920.01.28,1920,01,28,0.0,1919,Round of 32,5,12,,AUS,Gerald Patterson,gerald-patterson,pj50,,AUS,Roy Taylor,roy-taylor,tf10,57 46 (RET),1,2,9,13,0,0,1919-580-pj50-tf10,
1919-580,3,Australasian Championships,australasian-championships,/en/scores/archive/australasian-championships/580/1919/results,1920.01.22,1920,01,22,1920.01.28,1920,01,28,0.0,1919,Round of 32,5,13,,AUS,Norman Peach,norman-peach,pi70,,AUS,R. Eagle,r.-eagle,e968,64 62 64 ,3,0,18,10,0,0,1919-580-pi70-e968,
1919-580,3,Australasian Championships,australasian-championships,/en/scores/archive/australasian-championships/580/1919/results,1920.01.22,1920,01,22,1920.01.28,1920,01,28,0.0,1919,Round of 32,5,14,,,H.J. Penny,h.j.-penny,pk02,,AUS,E.L. Jones,e.l.-jones,j661,(W/O),0,0,0,0,0,0,1919-580-pk02-j661,
1919-580,3,Australasian Championships,australasian-championships,/en/scores/archive/australasian-championships/580/1919/results,1920.01.22,1920,01,22,1920.01.28,1920,01,28,0.0,1919,Round of 32,5,15,,AUS,Eric Pockley,eric-pockley,pk05,,,L. Todd,l.-todd,tf11,64 62 86 ,3,0,20,12,0,0,1919-580-pk05-tf11,
1919-580,3,Australasian Championships,australasian-championships,/en/scores/archive/australasian-championships/580/1919/results,1920.01.22,1920,01,22,1920.01.28,1920,01,28,0.0,1919,Round of 32,5,16,,AUS,Ronald Thomas,ronald-thomas,td96,,,R. Berriman,r.-berriman,bq61,60 61 61 ,3,0,18,2,0,0,1919-580-td96-bq61,
1919-580,3,Australasian Championships,australasian-championships,/en/scores/archive/australasian-championships/580/1919/results,1920.01.22,1920,01,22,1920.01.28,1920,01,28,0.0,1919,Round of 64,6,1,,AUS,James Anderson,james-anderson,ae69,,,Bye,,,,0,0,0,0,0,0,1919-580-ae69-,
1919-580,3,Australasian Championships,australasian-championships,/en/scores/archive/australasian-championships/580/1919/results,1920.01.22,1920,01,22,1920.01.28,1920,01,28,0.0,1919,Round of 64,6,2,,GBR,Alfred Beamish,alfred-beamish,bq87,,,R. Kidston,r.-kidston,kh08,75 60 62 ,3,0,19,7,0,0,1919-580-bq87-kh08,
1919-580,3,Australasian Championships,australasian-championships,/en/scores/archive/australasian-championships/580/1919/results,1920.01.22,1920,01,22,1920.01.28,1920,01,28,0.0,1919,Round of 64,6,3,,,R. Berriman,r.-berriman,bq61,,,Bye,,,,0,0,0,0,0,0,1919-580-bq61-,
1919-580,3,Australasian Championships,australasian-championships,/en/scores/archive/australasian-championships/580/1919/results,1920.01.22,1920,01,22,1920.01.28,1920,01,28,0.0,1919,Round of 64,6,4,,,G. Booth,g.-booth,br24,,,Bye,,,,0,0,0,0,0,0,1919-580-br24-,
1919-580,3,Australasian Championships,australasian-championships,/en/scores/archive/australasian-championships/580/1919/results,1920.01.22,1920,01,22,1920.01.28,1920,01,28,0.0,1919,Round of 64,6,5,,,T. Carr,t.-carr,ck96,,,Bye,,,,0,0,0,0,0,0,1919-580-ck96-,
1919-580,3,Australasian Championships,australasian-championships,/en/scores/archive/australasian-championships/580/1919/results,1920.01.22,1920,01,22,1920.01.28,1920,01,28,0.0,1919,Round of 64,6,6,,AUS,John Clemenger,john-clemenger,cj18,,,Bye,,,,0,0,0,0,0,0,1919-580-cj18-,
1919-580,3,Australasian Championships,australasian-championships,/en/scores/archive/australasian-championships/580/1919/results,1920.01.22,1920,01,22,1920.01.28,1920,01,28,0.0,1919,Round of 64,6,7,,,C. Cross,c.-cross,ck72,,,A. Best,a.-best,br23,61 61 62 ,3,0,18,4,0,0,1919-580-ck72-br23,
1919-580,3,Australasian Championships,australasian-championships,/en/scores/archive/australasian-championships/580/1919/results,1920.01.22,1920,01,22,1920.01.28,1920,01,28,0.0,1919,Round of 64,6,8,,,L. Darby,l.-darby,df51,,,Bye,,,,0,0,0,0,0,0,1919-580-df51-,
1919-580,3,Australasian Championships,australasian-championships,/en/scores/archive/australasian-championships/580/1919/results,1920.01.22,1920,01,22,1920.01.28,1920,01,28,0.0,1919,Round of 64,6,9,,AUS,R. Eagle,r.-eagle,e968,,,T. Newton,t.-newton,n880,46 64 64 63 ,3,1,22,17,0,0,1919-580-e968-n880,
1919-580,3,Australasian Championships,australasian-championships,/en/scores/archive/australasian-championships/580/1919/results,1920.01.22,1920,01,22,1920.01.28,1920,01,28,0.0,1919,Round of 64,6,10,,,S. Henderson,s.-henderson,he77,,,Bye,,,,0,0,0,0,0,0,1919-580-he77-,
1919-580,3,Australasian Championships,australasian-championships,/en/scores/archive/australasian-championships/580/1919/results,1920.01.22,1920,01,22,1920.01.28,1920,01,28,0.0,1919,Round of 64,6,11,,AUS,E.L. Jones,e.l.-jones,j661,,,Bye,,,,0,0,0,0,0,0,1919-580-j661-,
1919-580,3,Australasian Championships,australasian-championships,/en/scores/archive/australasian-championships/580/1919/results,1920.01.22,1920,01,22,1920.01.28,1920,01,28,0.0,1919,Round of 64,6,12,,AUS,E. Jordan,e.-jordan,j668,,,Bye,,,,0,0,0,0,0,0,1919-580-j668-,
1919-580,3,Australasian Championships,australasian-championships,/en/scores/archive/australasian-championships/580/1919/results,1920.01.22,1920,01,22,1920.01.28,1920,01,28,0.0,1919,Round of 64,6,13,,GBR,Algernon Kingscote,algernon-kingscote,kg77,,,Bye,,,,0,0,0,0,0,0,1919-580-kg77-,
1919-580,3,Australasian Championships,australasian-championships,/en/scores/archive/australasian-championships/580/1919/results,1920.01.22,1920,01,22,1920.01.28,1920,01,28,0.0,1919,Round of 64,6,14,,,H. Kirkpatrick,h.-kirkpatrick,kh09,,,L. Scott,l.-scott,sv75,61 57 46 61 60 ,3,2,27,15,0,0,1919-580-kh09-sv75,
1919-580,3,Australasian Championships,australasian-championships,/en/scores/archive/australasian-championships/580/1919/results,1920.01.22,1920,01,22,1920.01.28,1920,01,28,0.0,1919,Round of 64,6,15,,GBR,Arthur Lowe,arthur-lowe,lg03,,,Bye,,,,0,0,0,0,0,0,1919-580-lg03-,
1919-580,3,Australasian Championships,australasian-championships,/en/scores/archive/australasian-championships/580/1919/results,1920.01.22,1920,01,22,1920.01.28,1920,01,28,0.0,1919,Round of 64,6,16,,,Henry Marsh,henry-marsh,mt03,,,Bye,,,,0,0,0,0,0,0,1919-580-mt03-,
1919-580,3,Australasian Championships,australasian-championships,/en/scores/archive/australasian-championships/580/1919/results,1920.01.22,1920,01,22,1920.01.28,1920,01,28,0.0,1919,Round of 64,6,17,,,R. Neil,r.-neil,n881,,,Bye,,,,0,0,0,0,0,0,1919-580-n881-,
1919-580,3,Australasian Championships,australasian-championships,/en/scores/archive/australasian-championships/580/1919/results,1920.01.22,1920,01,22,1920.01.28,1920,01,28,0.0,1919,Round of 64,6,18,,,A. North,a.-north,n868,,,Bye,,,,0,0,0,0,0,0,1919-580-n868-,
1919-580,3,Australasian Championships,australasian-championships,/en/scores/archive/australasian-championships/580/1919/results,1920.01.22,1920,01,22,1920.01.28,1920,01,28,0.0,1919,Round of 64,6,19,,AUS,Pat O'Hara-Wood,pat-o'hara-wood,o583,,AUS,R. Goodman,r.-goodman,gh75,61 64 62 ,3,0,18,7,0,0,1919-580-o583-gh75,
1919-580,3,Australasian Championships,australasian-championships,/en/scores/archive/australasian-championships/580/1919/results,1920.01.22,1920,01,22,1920.01.28,1920,01,28,0.0,1919,Round of 64,6,20,,,J. O'Ryan,j.-o'ryan,o607,,,Bye,,,,0,0,0,0,0,0,1919-580-o607-,
1919-580,3,Australasian Championships,australasian-championships,/en/scores/archive/australasian-championships/580/1919/results,1920.01.22,1920,01,22,1920.01.28,1920,01,28,0.0,1919,Round of 64,6,21,,AUS,Gerald Patterson,gerald-patterson,pj50,,,Bye,,,,0,0,0,0,0,0,1919-580-pj50-,
1919-580,3,Australasian Championships,australasian-championships,/en/scores/archive/australasian-championships/580/1919/results,1920.01.22,1920,01,22,1920.01.28,1920,01,28,0.0,1919,Round of 64,6,22,,,Unknown Pawsey,unknown-pawsey,pk04,,,Bye,,,,0,0,0,0,0,0,1919-580-pk04-,
1919-580,3,Australasian Championships,australasian-championships,/en/scores/archive/australasian-championships/580/1919/results,1920.01.22,1920,01,22,1920.01.28,1920,01,28,0.0,1919,Round of 64,6,23,,,F. Peach,f.-peach,pj71,,,Bye,,,,0,0,0,0,0,0,1919-580-pj71-,
1919-580,3,Australasian Championships,australasian-championships,/en/scores/archive/australasian-championships/580/1919/results,1920.01.22,1920,01,22,1920.01.28,1920,01,28,0.0,1919,Round of 64,6,24,,AUS,Norman Peach,norman-peach,pi70,,,G. Reid,g.-reid,rf88,64 75 61 ,3,0,19,10,0,0,1919-580-pi70-rf88,
1919-580,3,Australasian Championships,australasian-championships,/en/scores/archive/australasian-championships/580/1919/results,1920.01.22,1920,01,22,1920.01.28,1920,01,28,0.0,1919,Round of 64,6,25,,,H.J. Penny,h.j.-penny,pk02,,,Bye,,,,0,0,0,0,0,0,1919-580-pk02-,
1919-580,3,Australasian Championships,australasian-championships,/en/scores/archive/australasian-championships/580/1919/results,1920.01.22,1920,01,22,1920.01.28,1920,01,28,0.0,1919,Round of 64,6,26,,AUS,Eric Pockley,eric-pockley,pk05,,,Bye,,,,0,0,0,0,0,0,1919-580-pk05-,
1919-580,3,Australasian Championships,australasian-championships,/en/scores/archive/australasian-championships/580/1919/results,1920.01.22,1920,01,22,1920.01.28,1920,01,28,0.0,1919,Round of 64,6,27,,AUS,K. Poulton,k.-poulton,pj72,,,Bye,,,,0,0,0,0,0,0,1919-580-pj72-,
1919-580,3,Australasian Championships,australasian-championships,/en/scores/archive/australasian-championships/580/1919/results,1920.01.22,1920,01,22,1920.01.28,1920,01,28,0.0,1919,Round of 64,6,28,,,A. Storey,a.-storey,sv76,,,Bye,,,,0,0,0,0,0,0,1919-580-sv76-,
1919-580,3,Australasian Championships,australasian-championships,/en/scores/archive/australasian-championships/580/1919/results,1920.01.22,1920,01,22,1920.01.28,1920,01,28,0.0,1919,Round of 64,6,29,,AUS,Roy Taylor,roy-taylor,tf10,,,Bye,,,,0,0,0,0,0,0,1919-580-tf10-,
1919-580,3,Australasian Championships,australasian-championships,/en/scores/archive/australasian-championships/580/1919/results,1920.01.22,1920,01,22,1920.01.28,1920,01,28,0.0,1919,Round of 64,6,30,,AUS,Ronald Thomas,ronald-thomas,td96,,,Bye,,,,0,0,0,0,0,0,1919-580-td96-,
1919-580,3,Australasian Championships,australasian-championships,/en/scores/archive/australasian-championships/580/1919/results,1920.01.22,1920,01,22,1920.01.28,1920,01,28,0.0,1919,Round of 64,6,31,,AUS,Clarence Todd,clarence-todd,tf06,,,Bye,,,,0,0,0,0,0,0,1919-580-tf06-,
1919-580,3,Australasian Championships,australasian-championships,/en/scores/archive/australasian-championships/580/1919/results,1920.01.22,1920,01,22,1920.01.28,1920,01,28,0.0,1919,Round of 64,6,32,,,L. Todd,l.-todd,tf11,,,Bye,,,,0,0,0,0,0,0,1919-580-tf11-,
